FID;FID_;Entity;Layer;Color;Linetype;Elevation;LineWt;RefName;Angle;IDTombe;Inventaire;Secteur;Coordonnee;Coordonn_1;Campagne;Datation;Anciennes_;POINT_X;POINT_Y
0;0;Point;Tombb;198;Continuous;0;25; ;0;3;308;1;1093;-261;2008-2009;3;261;30.44414317;19.61528858
1;0;Point;Tombb;198;Continuous;0;25; ;0;4;309;1;1075;-264;2008-2009;3;264;30.44411848;19.61513045
2;0;Point;Tombb;198;Continuous;0;25; ;0;5;310;1;1058;-261;2008-2009;3;261;30.44414632;19.61498164
3;0;Point;Tombb;198;Continuous;0;25; ;0;6;311;1;1072;-262;2008-2009;3;262;30.44413629;19.61510432
4;0;Point;Tombb;198;Continuous;0;25; ;0;7;312;1;1071;-266;2008-2009;1;266;30.4441013;19.61509519
5;0;Point;Tombb;198;Continuous;0;25; ;0;8;313;1;1067;-260;2008-2009;1;260;30.44415428;19.61506066
6;0;Point;Tombb;198;Continuous;0;25; ;0;9;314;1;1066;-263;2008-2009;1;263;30.44412806;19.61505162
7;0;Point;Tombb;198;Continuous;0;25; ;0;10;315;1;1064;-264;2008-2009;1;264;30.44411947;19.61503399
8;0;Point;Tombb;198;Continuous;0;25; ;0;11;316;1;1063;-264;2008-2009;1;264;30.44411956;19.61502522
9;0;Point;Tombb;198;Continuous;0;25; ;0;12;317;1;1060;-264;2008-2009;1;264;30.44411983;19.61499891
10;0;Point;Tombb;198;Continuous;0;25; ;0;13;318;1;1056;-262;2008-2009;1;262;30.44413773;19.61496401
11;0;Point;Tombb;198;Continuous;0;25; ;0;14;319;1;1062;-263;2008-2009;1;263;30.44412842;19.61501654
12;0;Point;Tombb;198;Continuous;0;25; ;0;15;320;1;1058;-264;2008-2009;1;264;30.44412001;19.61498137
13;0;Point;Tombb;198;Continuous;0;25; ;0;16;321;1;1057;-265;2008-2009;1;265;30.44411133;19.61497251
14;0;Point;Tombb;198;Continuous;0;25; ;0;17;322;1;1055;-265;2008-2009;1;265;30.44411151;19.61495497
15;0;Point;Tombb;198;Continuous;0;25; ;0;18;323;1;1051;-261;2008-2009;1;261;30.44414695;19.61492025
16;0;Point;Tombb;198;Continuous;0;25; ;0;19;324;1;1053;-263;2008-2009;1;263;30.44412923;19.61493761
17;0;Point;Tombb;198;Continuous;0;25; ;0;20;325;1;1053;-266;2008-2009;1;266;30.44410292;19.61493734
18;0;Point;Tombb;198;Continuous;0;25; ;0;21;326;1;1050;-266;2008-2009;1;266;30.44410319;19.61491103
19;0;Point;Tombb;198;Continuous;0;25; ;0;22;327;1;1049;-265;2008-2009;1;265;30.44411205;19.61490235
20;0;Point;Tombb;198;Continuous;0;25; ;0;23;328;1;1048;-266;2008-2009;1;266;30.44410337;19.61489349
21;0;Point;Tombb;198;Continuous;0;25; ;0;24;329;1;1047;-262;2008-2009;1;262;30.44413854;19.61488508
22;0;Point;Tombb;198;Continuous;0;25; ;0;25;330;1;1046;-266;2008-2009;1;266;30.44410355;19.61487595
23;0;Point;Tombb;198;Continuous;0;25; ;0;26;331;1;1046;-264;2008-2009;3;264;30.44412109;19.61487613
24;0;Point;Tombb;198;Continuous;0;25; ;0;27;332;1;1062;-261;2008-2009;1;261;30.44414596;19.61501672
25;0;Point;Tombb;198;Continuous;0;25; ;0;28;333;1;1060;-266;2008-2009;1;266;30.44410229;19.61499873
26;0;Point;Tombb;198;Continuous;0;25; ;0;29;334;1;1062;-266;2008-2009;1;266;30.44410211;19.61501627
27;0;Point;Tombb;198;Continuous;0;25; ;0;30;335;1;1063;-266;2008-2009;1;266;30.44410202;19.61502504
28;0;Point;Tombb;198;Continuous;0;25; ;0;31;336;1;1073;-264;2008-2009;1;264;30.44411866;19.61511291
29;0;Point;Tombb;198;Continuous;0;25; ;0;32;337;1;1078;-264;2008-2009;1;264;30.44411821;19.61515676
30;0;Point;Tombb;198;Continuous;0;25; ;0;33;338;1;1078;-262;2008-2009;1;262;30.44413575;19.61515694
31;0;Point;Tombb;198;Continuous;0;25; ;0;34;339;1;1050;-262;2008-2009;1;262;30.44413827;19.61491139
32;0;Point;Tombb;198;Continuous;0;25; ;0;40;340;1;1046;-262;2009-2010;3;262;30.44413863;19.61487631
33;0;Point;Tombb;198;Continuous;0;25; ;0;41;341;1;1044;-265;2009-2010;3;265;30.4441125;19.61485851
34;0;Point;Tombb;198;Continuous;0;25; ;0;42;342;1;1043;-263;2009-2010;3;263;30.44413013;19.61484992
35;0;Point;Tombb;198;Continuous;0;25; ;0;43;343;1;1076;-260;2009-2010;3;260;30.44415347;19.61513958
36;0;Point;Tombb;198;Continuous;0;25; ;0;45;344;1;1088;-271;2009-2010;3;271;30.44405592;19.61524383
37;0;Point;Tombb;198;Continuous;0;25; ;0;46;345;1;1086;-270;2009-2010;3;270;30.44406487;19.61522638
38;0;Point;Tombb;198;Continuous;0;25; ;0;47;346;1;1086;-276;2009-2010;3;276;30.44401225;19.61522584
39;0;Point;Tombb;198;Continuous;0;25; ;0;48;347;1;1084;-275;2009-2010;3;275;30.4440212;19.61520839
40;0;Point;Tombb;198;Continuous;0;25; ;0;49;348;3;1088;-292;2009-2010;4;292;30.44387176;19.61524194
41;0;Point;Tombb;198;Continuous;0;25; ;0;50;349;3;1091;-298;2009-2010;4;298;30.44381887;19.6152677
42;0;Point;Tombb;198;Continuous;0;25; ;0;51;350;3;1096;-306;2009-2010;4;306;30.44374826;19.61531083
43;0;Point;Tombb;198;Continuous;0;25; ;0;52;351;3;1092;-301;2009-2010;4;301;30.44379247;19.6152762
44;0;Point;Tombb;198;Continuous;0;25; ;0;53;352;3;1090;-302;2009-2010;4;302;30.44378388;19.61525857
45;0;Point;Tombb;198;Continuous;0;25; ;0;54;353;3;1088;-300;2009-2010;4;300;30.4438016;19.61524122
46;0;Point;Tombb;198;Continuous;0;25; ;0;55;354;3;1088;-302;2009-2010;4;302;30.44378406;19.61524104
47;0;Point;Tombb;198;Continuous;0;25; ;0;56;355;3;1089;-297;2009-2010;4;297;30.44382782;19.61525026
48;0;Point;Tombb;198;Continuous;0;25; ;0;57;356;1;1089;-270;2009-2010;3;270;30.4440646;19.61525269
49;0;Point;Tombb;198;Continuous;0;25; ;0;58;357;1;1090;-268;2009-2010;3;268;30.44408205;19.61526164
50;0;Point;Tombb;198;Continuous;0;25; ;0;59;358;1;1086;-272;2009-2010;3;272;30.44404733;19.6152262
51;0;Point;Tombb;198;Continuous;0;25; ;0;60;359;1;1093;-266;2009-2010;3;266;30.44409932;19.61528813
52;0;Point;Tombb;198;Continuous;0;25; ;0;61;360;1;1090;-266;2009-2010;3;266;30.44409959;19.61526182
53;0;Point;Tombb;198;Continuous;0;25; ;0;62;361;1;1088;-267;2009-2010;3;267;30.444091;19.61524419
54;0;Point;Tombb;198;Continuous;0;25; ;0;63;362;1;1091;-266;2009-2010;3;266;30.4440995;19.61527059
55;0;Point;Tombb;198;Continuous;0;25; ;0;64;363;1;1086;-265;2009-2010;3;265;30.44410872;19.61522683
56;0;Point;Tombb;198;Continuous;0;25; ;0;65;364;1;1084;-266;2009-2010;3;266;30.44410013;19.6152092
57;0;Point;Tombb;198;Continuous;0;25; ;0;66;365;1;1086;-267;2009-2010;3;267;30.44409118;19.61522665
58;0;Point;Tombb;198;Continuous;0;25; ;0;67;366;1;1090;-271;2009-2010;3;271;30.44405574;19.61526137
59;0;Point;Tombb;198;Continuous;0;25; ;0;68;367;1;1085;-271;2009-2010;3;271;30.44405619;19.61521752
60;0;Point;Tombb;198;Continuous;0;25; ;0;69;368;1;1084;-273;2009-2010;3;273;30.44403874;19.61520857
61;0;Point;Tombb;198;Continuous;0;25; ;0;70;369;1;1092;-268;2009-2010;3;268;30.44408187;19.61527918
62;0;Point;Tombb;198;Continuous;0;25; ;0;71;370;1;1084;-277;2009-2010;3;277;30.44400366;19.61520821
63;0;Point;Tombb;198;Continuous;0;25; ;0;72;371;1;1086;-274;2009-2010;3;274;30.44402979;19.61522602
64;0;Point;Tombb;198;Continuous;0;25; ;0;74;285;3;1087;-298;2009-2010;4;298;30.44381923;19.61523263
65;0;Point;Tombb;198;Continuous;0;25; ;0;75;286;3;1086;-302;2009-2010;4;302;30.44378424;19.6152235
66;0;Point;Tombb;198;Continuous;0;25; ;0;76;287;3;1087;-300;2009-2010;3;300;30.44380169;19.61523245
67;0;Point;Tombb;198;Continuous;0;25; ;0;77;288;3;1085;-298;2009-2010;4;298;30.44381941;19.61521509
68;0;Point;Tombb;198;Continuous;0;25; ;0;78;289;3;1086;-299;2009-2010;4;299;30.44381055;19.61522377
69;0;Point;Tombb;198;Continuous;0;25; ;0;79;290;3;1084;-302;2009-2010;4;302;30.44378442;19.61520596
70;0;Point;Tombb;198;Continuous;0;25; ;0;80;291;3;1083;-300;2009-2010;4;300;30.44380205;19.61519737
71;0;Point;Tombb;198;Continuous;0;25; ;0;81;292;3;1083;-297;2009-2010;4;297;30.44382836;19.61519764
72;0;Point;Tombb;198;Continuous;0;25; ;0;82;293;3;1082;-301;2009-2010;4;301;30.44379337;19.61518851
73;0;Point;Tombb;198;Continuous;0;25; ;0;83;294;3;1082;-303;2009-2010;4;303;30.44377583;19.61518833
74;0;Point;Tombb;198;Continuous;0;25; ;0;84;295;3;1081;-300;2009-2010;4;300;30.44380223;19.61517983
75;0;Point;Tombb;198;Continuous;0;25; ;0;85;296;3;1080;-302;2009-2010;4;302;30.44378478;19.61517088
76;0;Point;Tombb;198;Continuous;0;25; ;0;86;297;3;1080;-300;2009-2010;4;300;30.44380232;19.61517106
77;0;Point;Tombb;198;Continuous;0;25; ;0;87;298;3;1078;-297;2009-2010;4;297;30.44382881;19.61515379
78;0;Point;Tombb;198;Continuous;0;25; ;0;88;372;3;1090;-299;2010-2011;3;299;30.44381019;19.61525885
79;0;Point;Tombb;198;Continuous;0;25; ;0;91;373;1;1084;-270;2010-2011;3;270;30.44406505;19.61520884
80;0;Point;Tombb;198;Continuous;0;25; ;0;92;374;1;1084;-267;2010-2011;3;267;30.44409136;19.61520911
81;0;Point;Tombb;198;Continuous;0;25; ;0;93;375;1;1090;-274;2010-2011;3;274;30.44402943;19.6152611
82;0;Point;Tombb;198;Continuous;0;25; ;0;94;376;1;1084;-276;2010-2011;3;276;30.44401243;19.6152083
83;0;Point;Tombb;198;Continuous;0;25; ;0;95;377;1;1088;-276;2010-2011;3;276;30.44401207;19.61524338
84;0;Point;Tombb;198;Continuous;0;25; ;0;96;378;1;1088;-276;2010-2011;3;276;30.44401207;19.61524338
85;0;Point;Tombb;198;Continuous;0;25; ;0;97;379;1;1090;-277;2010-2011;3;277;30.44400312;19.61526083
86;0;Point;Tombb;198;Continuous;0;25; ;0;98;380;1;1091;-277;2010-2011;3;277;30.44400303;19.6152696
87;0;Point;Tombb;198;Continuous;0;25; ;0;99;390;1;1088;-282;2010-2011;3;282;30.44395945;19.61524284
88;0;Point;Tombb;198;Continuous;0;25; ;0;100;391;1;1086;-281;2010-2011;3;281;30.4439684;19.61522539
89;0;Point;Tombb;198;Continuous;0;25; ;0;101;392;1;1091;-283;2010-2011;3;283;30.44395041;19.61526906
90;0;Point;Tombb;198;Continuous;0;25; ;0;102;393;0;0;0;2010-2011;0;0;30.44653044;19.60572692
91;0;Point;Tombb;198;Continuous;0;25; ;0;103;640;1;1082;-274;2011-2012;3;274;30.44403015;19.61519094
92;0;Point;Tombb;198;Continuous;0;25; ;0;104;395;1;1090;-284;2010-2011;3;284;30.44394173;19.6152602
93;0;Point;Tombb;198;Continuous;0;25; ;0;105;396;1;1088;-283;2010-2011;3;283;30.44395068;19.61524275
94;0;Point;Tombb;198;Continuous;0;25; ;0;106;397;1;1086;-284;2010-2011;3;284;30.4439421;19.61522512
95;0;Point;Tombb;198;Continuous;0;25; ;0;107;398;1;1084;-284;2010-2011;3;284;30.44394228;19.61520758
96;0;Point;Tombb;198;Continuous;0;25; ;0;108;399;1;1090;-287;2010-2011;3;287;30.44391543;19.61525993
97;0;Point;Tombb;198;Continuous;0;25; ;0;109;400;1;1087;-286;2010-2011;3;286;30.44392447;19.61523371
98;0;Point;Tombb;198;Continuous;0;25; ;0;110;401;1;1084;-287;2010-2011;3;287;30.44391597;19.61520731
99;0;Point;Tombb;198;Continuous;0;25; ;0;111;402;1;1091;-290;2010-2011;3;290;30.44388903;19.61526843
100;0;Point;Tombb;198;Continuous;0;25; ;0;112;403;1;1090;-289;2010-2011;3;289;30.44389789;19.61525975
101;0;Point;Tombb;198;Continuous;0;25; ;0;113;404;1;1087;-289;2010-2011;3;289;30.44389816;19.61523344
102;0;Point;Tombb;198;Continuous;0;25; ;0;114;405;1;1082;-266;2010-2011;3;266;30.44410031;19.61519166
103;0;Point;Tombb;198;Continuous;0;25; ;0;115;406;1;1082;-268;2010-2011;3;268;30.44408277;19.61519148
104;0;Point;Tombb;198;Continuous;0;25; ;0;116;407;1;1075;-256;2010-2011;3;256;30.44418863;19.61513117
105;0;Point;Tombb;198;Continuous;0;25; ;0;117;408;1;1074;-256;2010-2011;3;256;30.44418872;19.6151224
106;0;Point;Tombb;198;Continuous;0;25; ;0;118;409;1;1073;-255;2010-2011;3;255;30.44419758;19.61511372
107;0;Point;Tombb;198;Continuous;0;25; ;0;119;410;1;1063;-257;2010-2011;3;257;30.44418094;19.61502585
108;0;Point;Tombb;198;Continuous;0;25; ;0;120;411;3;1101;-304;2010-2011;4;304;30.44376535;19.61535486
109;0;Point;Tombb;198;Continuous;0;25; ;0;121;412;3;1100;-303;2010-2011;4;303;30.44377421;19.61534618
110;0;Point;Tombb;198;Continuous;0;25; ;0;122;413;3;1098;-305;2010-2011;4;305;30.44375685;19.61532846
111;0;Point;Tombb;198;Continuous;0;25; ;0;123;414;3;1098;-304;2010-2011;4;304;30.44376562;19.61532855
112;0;Point;Tombb;198;Continuous;0;25; ;0;124;415;3;1098;-308;2010-2011;4;308;30.44373054;19.61532819
113;0;Point;Tombb;198;Continuous;0;25; ;0;125;416;3;1099;-307;2010-2011;4;307;30.44373922;19.61533705
114;0;Point;Tombb;198;Continuous;0;25; ;0;126;417;3;1101;-307;2010-2011;4;307;30.44373904;19.61535459
115;0;Point;Tombb;198;Continuous;0;25; ;0;127;418;3;1102;-306;2010-2011;4;306;30.44374772;19.61536345
116;0;Point;Tombb;198;Continuous;0;25; ;0;128;419;3;1103;-304;2010-2011;4;304;30.44376517;19.6153724
117;0;Point;Tombb;198;Continuous;0;25; ;0;129;420;3;1102;-303;2010-2011;4;303;30.44377403;19.61536372
118;0;Point;Tombb;198;Continuous;0;25; ;0;130;421;3;1097;-310;2010-2011;4;310;30.4437131;19.61531924
119;0;Point;Tombb;198;Continuous;0;25; ;0;131;422;3;1099;-310;2010-2011;4;310;30.44371292;19.61533678
120;0;Point;Tombb;198;Continuous;0;25; ;0;133;423;3;1100;-310;2010-2011;4;310;30.44371283;19.61534555
121;0;Point;Tombb;198;Continuous;0;25; ;0;134;424;3;1103;-309;2010-2011;4;309;30.44372132;19.61537195
122;0;Point;Tombb;198;Continuous;0;25; ;0;135;425;3;1101;-311;2010-2011;4;311;30.44370397;19.61535423
123;0;Point;Tombb;198;Continuous;0;25; ;0;136;426;3;1104;-307;2010-2011;4;307;30.44373877;19.6153809
124;0;Point;Tombb;198;Continuous;0;25; ;0;137;427;3;1104;-311;2010-2011;4;311;30.4437037;19.61538054
125;0;Point;Tombb;198;Continuous;0;25; ;0;138;428;3;1104;-312;2010-2011;4;312;30.44369493;19.61538045
126;0;Point;Tombb;198;Continuous;0;25; ;0;139;429;3;1100;-313;2010-2011;4;313;30.44368652;19.61534528
127;0;Point;Tombb;198;Continuous;0;25; ;0;140;430;3;1098;-312;2010-2011;4;312;30.44369547;19.61532783
128;0;Point;Tombb;198;Continuous;0;25; ;0;141;431;3;1105;-306;2010-2011;4;306;30.44374745;19.61538976
129;0;Point;Tombb;198;Continuous;0;25; ;0;142;299;1;1090;-272;2004-2005;4;272;30.44404697;19.61526128
130;0;Point;Tombb;198;Continuous;0;25; ;0;143;302;3;1086;-308;2004-2005;4;308;30.44373163;19.61522296
131;0;Point;Tombb;198;Continuous;0;25; ;0;144;303;3;1084;-308;2004-2005;4;308;30.44373181;19.61520542
132;0;Point;Tombb;198;Continuous;0;25; ;0;145;304;3;1084;-310;2004-2005;4;310;30.44371427;19.61520524
133;0;Point;Tombb;198;Continuous;0;25; ;0;146;305;3;1087;-304;2004-2005;4;304;30.44376661;19.61523209
134;0;Point;Tombb;198;Continuous;0;25; ;0;147;307;3;1096;-314;2004-2005;4;314;30.44367811;19.61531011
135;0;Point;Tombb;198;Continuous;0;25; ;0;148;306;3;1084;-300;2004-2005;4;300;30.44380196;19.61520614
136;0;Point;Tombb;198;Continuous;0;25; ;0;149;381;1;1091;-276;2010-2011;3;276;30.4440118;19.61526969
137;0;Point;Tombb;198;Continuous;0;25; ;0;150;382;1;1090;-279;2010-2011;3;279;30.44398558;19.61526065
138;0;Point;Tombb;198;Continuous;0;25; ;0;151;383;1;1086;-277;2010-2011;3;277;30.44400348;19.61522575
139;0;Point;Tombb;198;Continuous;0;25; ;0;152;384;1;1083;-271;2010-2011;3;271;30.44405637;19.61519998
140;0;Point;Tombb;198;Continuous;0;25; ;0;153;385;1;1092;-270;2010-2011;3;270;30.44406433;19.615279
141;0;Point;Tombb;198;Continuous;0;25; ;0;154;386;1;1092;-274;2010-2011;3;274;30.44402925;19.61527864
142;0;Point;Tombb;198;Continuous;0;25; ;0;155;387;1;1092;-277;2010-2011;3;277;30.44400294;19.61527837
143;0;Point;Tombb;198;Continuous;0;25; ;0;156;388;1;1092;-278;2010-2011;3;278;30.44399417;19.61527828
144;0;Point;Tombb;198;Continuous;0;25; ;0;157;389;1;1090;-280;2010-2011;3;280;30.44397681;19.61526056
145;0;Point;Tombb;198;Continuous;0;25; ;0;158;432;3;1091;-292;2011-2012;4;292;30.44387149;19.61526824
146;0;Point;Tombb;198;Continuous;0;25; ;0;159;433;3;1090;-294;2011-2012;4;294;30.44385404;19.6152593
147;0;Point;Tombb;198;Continuous;0;25; ;0;160;434;3;1089;-291;2011-2012;4;291;30.44388044;19.6152508
148;0;Point;Tombb;198;Continuous;0;25; ;0;161;435;3;1084;-290;2011-2012;4;290;30.44388966;19.61520704
149;0;Point;Tombb;198;Continuous;0;25; ;0;162;436;3;1085;-293;2011-2012;4;293;30.44386326;19.61521554
150;0;Point;Tombb;198;Continuous;0;25; ;0;163;437;3;1087;-296;2011-2012;4;296;30.44383677;19.61523281
151;0;Point;Tombb;198;Continuous;0;25; ;0;164;438;3;1084;-295;2011-2012;4;295;30.44384581;19.61520659
152;0;Point;Tombb;198;Continuous;0;25; ;0;165;439;1;1075;-256;2011-2012;3;256;30.44418863;19.61513117
153;0;Point;Tombb;198;Continuous;0;25; ;0;166;440;3;1096;-302;2011-2012;4;302;30.44378334;19.61531119
154;0;Point;Tombb;198;Continuous;0;25; ;0;167;441;3;1093;-309;2011-2012;4;309;30.44372223;19.61528425
155;0;Point;Tombb;198;Continuous;0;25; ;0;168;442;3;1094;-309;2011-2012;4;309;30.44372214;19.61529302
156;0;Point;Tombb;198;Continuous;0;25; ;0;169;443;3;1090;-306;2011-2012;4;306;30.4437488;19.61525821
157;0;Point;Tombb;198;Continuous;0;25; ;0;170;444;3;1089;-304;2011-2012;4;304;30.44376643;19.61524963
158;0;Point;Tombb;198;Continuous;0;25; ;0;171;445;3;1088;-306;2011-2012;4;306;30.44374898;19.61524068
159;0;Point;Tombb;198;Continuous;0;25; ;0;172;446;3;1088;-306;2011-2012;4;306;30.44374898;19.61524068
160;0;Point;Tombb;198;Continuous;0;25; ;0;173;447;3;1085;-306;2011-2012;4;306;30.44374925;19.61521437
161;0;Point;Tombb;198;Continuous;0;25; ;0;174;448;3;1084;-305;2011-2012;4;305;30.44375811;19.61520569
162;0;Point;Tombb;198;Continuous;0;25; ;0;175;449;3;1082;-306;2011-2012;4;306;30.44374952;19.61518806
163;0;Point;Tombb;198;Continuous;0;25; ;0;176;450;3;1080;-305;2011-2012;4;305;30.44375847;19.61517061
164;0;Point;Tombb;198;Continuous;0;25; ;0;177;451;3;1079;-304;2011-2012;4;304;30.44376733;19.61516193
165;0;Point;Tombb;198;Continuous;0;25; ;0;178;452;3;1078;-304;2011-2012;4;304;30.44376742;19.61515316
166;0;Point;Tombb;198;Continuous;0;25; ;0;179;453;3;1102;-314;2011-2012;4;314;30.44367757;19.61536273
167;0;Point;Tombb;198;Continuous;0;25; ;0;180;454;3;1104;-317;2011-2012;4;317;30.44365108;19.61538
168;0;Point;Tombb;198;Continuous;0;25; ;0;181;455;3;1101;-316;2011-2012;4;316;30.44366012;19.61535378
169;0;Point;Tombb;198;Continuous;0;25; ;0;182;456;3;1099;-315;2011-2012;4;315;30.44366907;19.61533633
170;0;Point;Tombb;198;Continuous;0;25; ;0;183;457;3;1098;-316;2011-2012;4;316;30.44366039;19.61532747
171;0;Point;Tombb;198;Continuous;0;25; ;0;184;458;3;1095;-308;2011-2012;4;308;30.44373081;19.61530188
172;0;Point;Tombb;198;Continuous;0;25; ;0;185;459;3;1094;-309;2011-2012;4;309;30.44372214;19.61529302
173;0;Point;Tombb;198;Continuous;0;25; ;0;186;460;3;1092;-308;2011-2012;4;308;30.44373108;19.61527557
174;0;Point;Tombb;198;Continuous;0;25; ;0;187;461;3;1090;-308;2011-2012;4;308;30.44373126;19.61525803
175;0;Point;Tombb;198;Continuous;0;25; ;0;188;462;3;1089;-309;2011-2012;4;309;30.44372259;19.61524918
176;0;Point;Tombb;198;Continuous;0;25; ;0;189;463;3;1088;-308;2011-2012;4;308;30.44373144;19.6152405
177;0;Point;Tombb;198;Continuous;0;25; ;0;190;464;3;1081;-308;2011-2012;4;308;30.44373208;19.61517911
178;0;Point;Tombb;198;Continuous;0;25; ;0;191;465;3;1080;-307;2011-2012;4;307;30.44374093;19.61517043
179;0;Point;Tombb;198;Continuous;0;25; ;0;192;466;3;1094;-311;2011-2012;4;311;30.4437046;19.61529284
180;0;Point;Tombb;198;Continuous;0;25; ;0;193;467;3;1092;-310;2011-2012;4;310;30.44371355;19.61527539
181;0;Point;Tombb;198;Continuous;0;25; ;0;194;468;3;1092;-312;2011-2012;4;312;30.44369601;19.61527521
182;0;Point;Tombb;198;Continuous;0;25; ;0;195;469;3;1092;-312;2011-2012;4;312;30.44369601;19.61527521
183;0;Point;Tombb;198;Continuous;0;25; ;0;196;470;3;1093;-313;2011-2012;4;313;30.44368715;19.61528389
184;0;Point;Tombb;198;Continuous;0;25; ;0;197;471;3;1094;-314;2011-2012;4;314;30.44367829;19.61529257
185;0;Point;Tombb;198;Continuous;0;25; ;0;198;472;3;1094;-316;2011-2012;4;316;30.44366075;19.61529239
186;0;Point;Tombb;198;Continuous;0;25; ;0;199;473;3;1092;-314;2011-2012;4;314;30.44367847;19.61527503
187;0;Point;Tombb;198;Continuous;0;25; ;0;200;474;3;1082;-310;2011-2012;4;310;30.44371445;19.6151877
188;0;Point;Tombb;198;Continuous;0;25; ;0;201;475;3;1080;-310;2011-2012;4;310;30.44371463;19.61517016
189;0;Point;Tombb;198;Continuous;0;25; ;0;202;476;1;1080;-266;2011-2012;3;266;30.44410049;19.61517412
190;0;Point;Tombb;198;Continuous;0;25; ;0;203;477;1;1081;-272;2011-2012;3;272;30.44404778;19.61518235
191;0;Point;Tombb;198;Continuous;0;25; ;0;204;478;1;1082;-270;2011-2012;3;270;30.44406523;19.6151913
192;0;Point;Tombb;198;Continuous;0;25; ;0;205;479;1;1080;-269;2011-2012;3;269;30.44407418;19.61517385
193;0;Point;Tombb;198;Continuous;0;25; ;0;206;480;1;1079;-271;2011-2012;3;271;30.44405673;19.6151649
194;0;Point;Tombb;198;Continuous;0;25; ;0;207;481;1;1078;-267;2011-2012;6;267;30.4440919;19.61515649
195;0;Point;Tombb;198;Continuous;0;25; ;0;208;482;1;1078;-272;2011-2012;3;272;30.44404805;19.61515604
196;0;Point;Tombb;198;Continuous;0;25; ;0;209;483;1;1078;-274;2011-2012;3;274;30.44403051;19.61515586
197;0;Point;Tombb;198;Continuous;0;25; ;0;210;484;1;1072;-256;2011-2012;3;256;30.4441889;19.61510486
198;0;Point;Tombb;198;Continuous;0;25; ;0;211;485;1;1076;-257;2011-2012;3;257;30.44417977;19.61513985
199;0;Point;Tombb;198;Continuous;0;25; ;0;212;486;1;1076;-254;2011-2012;3;254;30.44420608;19.61514012
200;0;Point;Tombb;198;Continuous;0;25; ;0;213;487;1;1072;-260;2011-2012;3;260;30.44415383;19.6151045
201;0;Point;Tombb;198;Continuous;0;25; ;0;214;488;1;1072;-258;2011-2012;3;258;30.44417136;19.61510468
202;0;Point;Tombb;198;Continuous;0;25; ;0;215;489;1;1074;-255;2011-2012;3;255;30.44419749;19.61512249
203;0;Point;Tombb;198;Continuous;0;25; ;0;216;490;1;1071;-258;2011-2012;3;258;30.44417145;19.61509591
204;0;Point;Tombb;198;Continuous;0;25; ;0;217;491;1;1060;-258;2011-2012;3;258;30.44417245;19.61499945
205;0;Point;Tombb;198;Continuous;0;25; ;0;218;492;1;1081;-268;2011-2012;3;268;30.44408286;19.61518271
206;0;Point;Tombb;198;Continuous;0;25; ;0;221;493;26;1005;-211;2012-2013;10;211;30.44458957;19.61452135
207;0;Point;Tombb;198;Continuous;0;25; ;0;222;494;26;1002;-206;2012-2013;6;206;30.44463369;19.6144955
208;0;Point;Tombb;198;Continuous;0;25; ;0;223;495;26;998;-207;2012-2013;6;207;30.44462528;19.61446033
209;0;Point;Tombb;198;Continuous;0;25; ;0;224;496;26;995;-206;2012-2013;6;206;30.44463432;19.61443411
210;0;Point;Tombb;198;Continuous;0;25; ;0;225;497;26;1002;-209;2012-2013;6;209;30.44460738;19.61449523
211;0;Point;Tombb;198;Continuous;0;25; ;0;226;498;26;1000;-211;2012-2013;6;211;30.44459002;19.61447751
212;0;Point;Tombb;198;Continuous;0;25; ;0;227;499;26;1003;-213;2012-2013;6;213;30.44457221;19.61450363
213;0;Point;Tombb;198;Continuous;0;25; ;0;228;500;26;1004;-218;2012-2013;6;218;30.44452827;19.61451195
214;0;Point;Tombb;198;Continuous;0;25; ;0;229;501;26;1001;-215;2012-2013;6;215;30.44455485;19.61448592
215;0;Point;Tombb;198;Continuous;0;25; ;0;230;502;26;995;-214;2012-2013;6;214;30.44456416;19.61443339
216;0;Point;Tombb;198;Continuous;0;25; ;0;231;503;26;994;-216;2012-2013;6;216;30.44454671;19.61442444
217;0;Point;Tombb;198;Continuous;0;25; ;0;232;504;26;1002;-219;2012-2013;6;219;30.44451968;19.61449432
218;0;Point;Tombb;198;Continuous;0;25; ;0;233;505;26;1000;-219;2012-2013;6;219;30.44451986;19.61447679
219;0;Point;Tombb;198;Continuous;0;25; ;0;234;506;26;993;-219;2012-2013;6;219;30.44452049;19.6144154
220;0;Point;Tombb;198;Continuous;0;25; ;0;235;507;26;991;-218;2012-2013;6;218;30.44452944;19.61439795
221;0;Point;Tombb;198;Continuous;0;25; ;0;236;508;26;989;-209;2012-2013;6;209;30.44460855;19.61438122
222;0;Point;Tombb;198;Continuous;0;25; ;0;237;509;26;1000;-209;2012-2013;6;209;30.44460756;19.61447769
223;0;Point;Tombb;198;Continuous;0;25; ;0;238;510;26;988;-215;2012-2013;6;215;30.44455602;19.61437191
224;0;Point;Tombb;198;Continuous;0;25; ;0;239;511;26;987;-211;2012-2013;6;211;30.44459119;19.6143635
225;0;Point;Tombb;198;Continuous;0;25; ;0;240;512;26;986;-219;2012-2013;6;219;30.44452112;19.61435401
226;0;Point;Tombb;198;Continuous;0;25; ;0;241;513;26;984;-211;2012-2013;6;211;30.44459146;19.61433719
227;0;Point;Tombb;198;Continuous;0;25; ;0;242;514;26;987;-205;2012-2013;6;205;30.44464381;19.61436404
228;0;Point;Tombb;198;Continuous;0;25; ;0;243;515;26;984;-205;2012-2013;6;205;30.44464408;19.61433773
229;0;Point;Tombb;198;Continuous;0;25; ;0;244;516;26;980;-208;2012-2013;6;208;30.44461813;19.61430238
230;0;Point;Tombb;198;Continuous;0;25; ;0;245;518;26;1023;-236;2012-2013;6;236;30.44436871;19.61467696
231;0;Point;Tombb;198;Continuous;0;25; ;0;246;519;26;988;-198;2012-2013;6;198;30.4447051;19.61437344
232;0;Point;Tombb;198;Continuous;0;25; ;0;247;520;26;983;-199;2012-2013;6;199;30.44469678;19.6143295
233;0;Point;Tombb;198;Continuous;0;25; ;0;248;525;26;985;-195;2012-2013;6;195;30.44473168;19.6143474
234;0;Point;Tombb;198;Continuous;0;25; ;0;249;529;26;1003;-197;2012-2013;6;197;30.44471252;19.61450508
235;0;Point;Tombb;198;Continuous;0;25; ;0;250;532;26;996;-198;2012-2013;6;198;30.44470438;19.6144436
236;0;Point;Tombb;198;Continuous;0;25; ;0;251;535;26;992;-198;2012-2013;6;198;30.44470474;19.61440852
237;0;Point;Tombb;198;Continuous;0;25; ;0;252;536;26;994;-196;2012-2013;6;196;30.4447221;19.61442624
238;0;Point;Tombb;198;Continuous;0;25; ;0;253;537;1;1043;-258;2012-2013;3;258;30.44417398;19.61485037
239;0;Point;Tombb;198;Continuous;0;25; ;0;254;538;1;1045;-260;2012-2013;1;260;30.44415626;19.61486773
240;0;Point;Tombb;198;Continuous;0;25; ;0;255;539;1;1046;-258;2012-2013;1;258;30.44417371;19.61487668
241;0;Point;Tombb;198;Continuous;0;25; ;0;256;540;1;1048;-268;2012-2013;1;268;30.44408583;19.61489331
242;0;Point;Tombb;198;Continuous;0;25; ;0;257;541;1;1048;-257;2012-2013;1;257;30.4441823;19.6148943
243;0;Point;Tombb;198;Continuous;0;25; ;0;258;542;26;1015;-238;2012-2013;6;238;30.44435189;19.61460662
244;0;Point;Tombb;198;Continuous;0;25; ;0;260;301;3;1086;-310;2004-2005;4;310;30.44371409;19.61522278
245;0;Point;Tombb;198;Continuous;0;25; ;0;261;616;30;980;-192;2016-2017;0;192;30.44475844;19.61430383
246;0;Point;Tombb;198;Continuous;0;25; ;0;262;617;30;964;-196;2016-2017;0;196;30.4447248;19.61416315
247;0;Point;Tombb;198;Continuous;0;25; ;0;264;618;30;978;-187;2016-2017;0;187;30.44480247;19.61428674
248;0;Point;Tombb;198;Continuous;0;25; ;0;265;619;30;978;-184;2016-2017;0;184;30.44482878;19.61428701
249;0;Point;Tombb;198;Continuous;0;25; ;0;266;620;30;973;-195;2016-2017;0;195;30.44473276;19.61424217
250;0;Point;Tombb;198;Continuous;0;25; ;0;267;621;30;972;-192;2016-2017;0;192;30.44475916;19.61423367
251;0;Point;Tombb;198;Continuous;0;25; ;0;268;622;30;975;-186;2016-2017;0;186;30.44481151;19.61426052
252;0;Point;Tombb;198;Continuous;0;25; ;0;269;623;30;972;-186;2016-2017;0;186;30.44481178;19.61423421
253;0;Point;Tombb;198;Continuous;0;25; ;0;270;624;30;968;-189;2016-2017;0;189;30.44478583;19.61419886
254;0;Point;Tombb;198;Continuous;0;25; ;0;271;625;30;968;-162;2016-2017;0;162;30.44502261;19.61420129
255;0;Point;Tombb;198;Continuous;0;25; ;0;272;626;30;967;-185;2016-2017;0;185;30.444821;19.61419045
256;0;Point;Tombb;198;Continuous;0;25; ;0;273;627;30;978;-181;2016-2017;0;181;30.44485509;19.61428728
257;0;Point;Tombb;198;Continuous;0;25; ;0;274;628;30;975;-183;2016-2017;0;183;30.44483782;19.61426079
258;0;Point;Tombb;198;Continuous;0;25; ;0;275;629;30;971;-184;2016-2017;0;184;30.44482941;19.61422562
259;0;Point;Tombb;198;Continuous;0;25; ;0;276;630;30;971;-180;2016-2017;0;180;30.44486449;19.61422598
260;0;Point;Tombb;198;Continuous;0;25; ;0;277;631;30;979;-177;2016-2017;0;177;30.44489007;19.61429641
261;0;Point;Tombb;198;Continuous;0;25; ;0;278;632;30;975;-175;2016-2017;0;175;30.44490797;19.61426151
262;0;Point;Tombb;198;Continuous;0;25; ;0;279;633;30;977;-173;2016-2017;0;173;30.44492533;19.61427923
263;0;Point;Tombb;198;Continuous;0;25; ;0;280;634;30;973;-195;2016-2017;0;195;30.44473276;19.61424217
264;0;Point;Tombb;198;Continuous;0;25; ;0;281;635;30;974;-173;2016-2017;0;173;30.4449256;19.61425292
265;0;Point;Tombb;198;Continuous;0;25; ;0;282;636;30;972;-172;2016-2017;0;172;30.44493455;19.61423547
266;0;Point;Tombb;198;Continuous;0;25; ;0;283;637;30;969;-170;2016-2017;0;170;30.44495236;19.61420934
267;0;Point;Tombb;198;Continuous;0;25; ;0;284;638;30;969;-175;2016-2017;0;175;30.44490851;19.61420889
268;0;Point;Tombb;198;Continuous;0;25; ;0;285;639;30;962;-193;2016-2017;0;193;30.44475129;19.61414588
269;0;Point;Tombb;198;Continuous;0;25; ;0;286;640;30;975;-167;2016-2017;0;167;30.44497813;19.61426223
270;0;Point;Tombb;198;Continuous;0;25; ;0;287;641;30;974;-170;2016-2017;0;170;30.44495191;19.61425319
271;0;Point;Tombb;198;Continuous;0;25; ;0;288;642;30;970;-167;2016-2017;0;167;30.44497858;19.61421838
272;0;Point;Tombb;198;Continuous;0;25; ;0;289;643;30;976;-162;2016-2017;0;162;30.44502189;19.61427145
273;0;Point;Tombb;198;Continuous;0;25; ;0;290;644;30;977;-157;2016-2017;0;157;30.44506565;19.61428067
274;0;Point;Tombb;198;Continuous;0;25; ;0;291;645;30;966;-162;2016-2017;0;162;30.44502279;19.61418375
275;0;Point;Tombb;198;Continuous;0;25; ;0;292;646;30;964;-165;2016-2017;0;165;30.44499666;19.61416594
276;0;Point;Tombb;198;Continuous;0;25; ;0;293;647;30;965;-170;2016-2017;0;170;30.44495272;19.61417426
277;0;Point;Tombb;198;Continuous;0;25; ;0;294;648;30;965;-173;2016-2017;0;173;30.44492641;19.61417399
278;0;Point;Tombb;198;Continuous;0;25; ;0;295;649;30;960;-169;2016-2017;0;169;30.44496194;19.6141305
279;0;Point;Tombb;198;Continuous;0;25; ;0;296;650;30;960;-165;2016-2017;0;165;30.44499702;19.61413086
280;0;Point;Tombb;198;Continuous;0;25; ;0;297;651;30;965;-164;2016-2017;0;164;30.44500534;19.6141748
281;0;Point;Tombb;198;Continuous;0;25; ;0;298;652;30;962;-173;2016-2017;0;173;30.44492668;19.61414768
282;0;Point;Tombb;198;Continuous;0;25; ;0;299;653;30;953;-171;2016-2017;0;171;30.44494503;19.61406894
283;0;Point;Tombb;198;Continuous;0;25; ;0;300;655;30;963;-171;2016-2017;0;171;30.44494413;19.61415663
284;0;Point;Tombb;198;Continuous;0;25; ;0;301;656;30;967;-160;2016-2017;0;160;30.44504024;19.6141927
285;0;Point;Tombb;198;Continuous;0;25; ;0;302;657;30;965;-179;2016-2017;0;179;30.4448738;19.61417345
286;0;Point;Tombb;198;Continuous;0;25; ;0;303;658;30;965;-187;2016-2017;0;187;30.44480364;19.61417273
287;0;Point;Tombb;198;Continuous;0;25; ;0;304;659;30;963;-167;2016-2017;0;167;30.44497921;19.61415699
288;0;Point;Tombb;198;Continuous;0;25; ;0;305;660;32;907;-168;2016-2017;0;168;30.44497548;19.61366581
289;0;Point;Tombb;198;Continuous;0;25; ;0;306;661;32;907;-164;2016-2017;0;164;30.44501056;19.61366617
290;0;Point;Tombb;198;Continuous;0;25; ;0;307;662;32;906;-173;2016-2017;0;173;30.44493173;19.61365659
291;0;Point;Tombb;198;Continuous;0;25; ;0;308;663;32;909;-172;2016-2017;0;172;30.44494023;19.61368299
292;0;Point;Tombb;198;Continuous;0;25; ;0;309;664;30;986;-191;2016-2017;0;191;30.44476667;19.61435653
293;0;Point;Tombb;198;Continuous;0;25; ;0;310;665;30;989;-194;2016-2017;0;194;30.44474009;19.61438257
294;0;Point;Tombb;198;Continuous;0;25; ;0;311;666;30;988;-191;2016-2017;0;191;30.44476649;19.61437407
295;0;Point;Tombb;198;Continuous;0;25; ;0;312;667;30;960;-159;2016-2017;0;159;30.44504964;19.6141314
296;0;Point;Tombb;198;Continuous;0;25; ;0;313;668;30;961;-161;2016-2017;0;161;30.44503201;19.61413999
297;0;Point;Tombb;198;Continuous;0;25; ;0;314;669;30;957;-158;2016-2017;0;158;30.44505868;19.61410519
298;0;Point;Tombb;198;Continuous;0;25; ;0;315;670;30;956;-161;2016-2017;0;161;30.44503246;19.61409615
299;0;Point;Tombb;198;Continuous;0;25; ;0;316;671;30;962;-157;2016-2017;0;157;30.445067;19.61414912
300;0;Point;Tombb;198;Continuous;0;25; ;0;317;672;30;956;-154; ;0;154;30.44509385;19.61409678
301;0;Point;Tombb;198;Continuous;0;25; ;0;318;673;30;961;-153; ;0;153;30.44510217;19.61414071
302;0;Point;Tombb;198;Continuous;0;25; ;0;319;674;30;965;-154; ;0;154;30.44509304;19.6141757
303;0;Point;Tombb;198;Continuous;0;25; ;0;320;675;30;968;-155; ;0;155;30.445084;19.61420192
304;0;Point;Tombb;198;Continuous;0;25; ;0;321;676;30;968;-151; ;0;151;30.44511907;19.61420228
305;0;Point;Tombb;198;Continuous;0;25; ;0;322;677;30;962;-151; ;0;151;30.44511961;19.61414966
306;0;Point;Tombb;198;Continuous;0;25; ;0;323;678;30;960;-151; ;0;151;30.44511979;19.61413213
307;0;Point;Tombb;198;Continuous;0;25; ;0;324;679;30;958;-151; ;0;151;30.44511997;19.61411459
308;0;Point;Tombb;198;Continuous;0;25; ;0;325;680;30;969;-147; ;0;147;30.44515406;19.61421141
309;0;Point;Tombb;198;Continuous;0;25; ;0;326;681;30;968;-145; ;0;145;30.44517169;19.61420282
310;0;Point;Tombb;198;Continuous;0;25; ;0;327;682;30;963;-146; ;0;146;30.44516337;19.61415888
311;0;Point;Tombb;198;Continuous;0;25; ;0;328;683;30;957;-148; ;0;148;30.44514637;19.61410609
312;0;Point;Tombb;198;Continuous;0;25; ;0;329;684;30;957;-145; ;0;145;30.44517268;19.61410636
313;0;Point;Tombb;198;Continuous;0;25; ;0;330;685;30;956;-147; ;0;147;30.44515523;19.61409741
314;0;Point;Tombb;198;Continuous;0;25; ;0;331;686;30;969;-142; ;0;142;30.44519791;19.61421186
315;0;Point;Tombb;198;Continuous;0;25; ;0;332;687;30;962;-142; ;0;142;30.44519854;19.61415047
316;0;Point;Tombb;198;Continuous;0;25; ;0;333;688;30;969;-136; ;0;136;30.44525053;19.6142124
317;0;Point;Tombb;198;Continuous;0;25; ;0;334;689;30;960;-139; ;0;139;30.44522503;19.61413321
318;0;Point;Tombb;198;Continuous;0;25; ;0;335;690;30;958;-139; ;0;139;30.44522521;19.61411567
319;0;Point;Tombb;198;Continuous;0;25; ;0;336;691;30;965;-146; ;0;146;30.44516319;19.61417642
320;0;Point;Tombb;198;Continuous;0;25; ;0;337;692;30;964;-135; ;0;135;30.44525975;19.61416864
321;0;Point;Tombb;198;Continuous;0;25; ;0;338;693;30;960;-136; ;0;136;30.44525134;19.61413348
322;0;Point;Tombb;198;Continuous;0;25; ;0;339;694;30;957;-136; ;0;136;30.44525161;19.61410717
323;0;Point;Tombb;198;Continuous;0;25; ;0;340;0;33;0;0;1915;0;0;30.44653044;19.60572692
324;0;Point;Tombb;198;Continuous;0;25; ;0;341;0;33;0;0;1915;0;0;30.44653044;19.60572692
325;0;Point;Tombb;198;Continuous;0;25; ;0;342;0;33;0;0;1915;0;0;30.44653044;19.60572692
326;0;Point;Tombb;198;Continuous;0;25; ;0;343;0;33;0;0;1915;0;0;30.44653044;19.60572692
327;0;Point;Tombb;198;Continuous;0;25; ;0;344;0;33;0;0;1915;0;0;30.44653044;19.60572692
328;0;Point;Tombb;198;Continuous;0;25; ;0;345;0;33;0;0;1915;0;0;30.44653044;19.60572692
329;0;Point;Tombb;198;Continuous;0;25; ;0;346;0;33;0;0;1915;0;0;30.44653044;19.60572692
330;0;Point;Tombb;198;Continuous;0;25; ;0;347;0;33;0;0;1915;0;0;30.44653044;19.60572692
331;0;Point;Tombb;198;Continuous;0;25; ;0;348;0;33;0;0;1915;0;0;30.44653044;19.60572692
332;0;Point;Tombb;198;Continuous;0;25; ;0;349;0;33;0;0;1915;0;0;30.44653044;19.60572692
333;0;Point;Tombb;198;Continuous;0;25; ;0;350;0;33;0;0;1915;0;0;30.44653044;19.60572692
334;0;Point;Tombb;198;Continuous;0;25; ;0;351;0;33;0;0;1915;0;0;30.44653044;19.60572692
335;0;Point;Tombb;198;Continuous;0;25; ;0;352;0;33;0;0;1915;0;0;30.44653044;19.60572692
336;0;Point;Tombb;198;Continuous;0;25; ;0;353;0;33;0;0;1915;0;0;30.44653044;19.60572692
337;0;Point;Tombb;198;Continuous;0;25; ;0;354;0;33;0;0;1915;0;0;30.44653044;19.60572692
338;0;Point;Tombb;198;Continuous;0;25; ;0;355;0;33;0;0;1915;0;0;30.44653044;19.60572692
339;0;Point;Tombb;198;Continuous;0;25; ;0;356;0;33;0;0;1915;0;0;30.44653044;19.60572692
340;0;Point;Tombb;198;Continuous;0;25; ;0;357;0;33;0;0;1915;0;0;30.44653044;19.60572692
341;0;Point;Tombb;198;Continuous;0;25; ;0;358;0;33;0;0;1915;0;0;30.44653044;19.60572692
342;0;Point;Tombb;198;Continuous;0;25; ;0;359;0;33;0;0;1915;0;0;30.44653044;19.60572692
343;0;Point;Tombb;198;Continuous;0;25; ;0;360;0;33;0;0;1915;0;0;30.44653044;19.60572692
344;0;Point;Tombb;198;Continuous;0;25; ;0;361;0;33;0;0;1915;0;0;30.44653044;19.60572692
345;0;Point;Tombb;198;Continuous;0;25; ;0;362;0;33;0;0;1915;0;0;30.44653044;19.60572692
346;0;Point;Tombb;198;Continuous;0;25; ;0;363;0;33;0;0;1915;0;0;30.44653044;19.60572692
347;0;Point;Tombb;198;Continuous;0;25; ;0;364;0;33;0;0;1915;0;0;30.44653044;19.60572692
348;0;Point;Tombb;198;Continuous;0;25; ;0;365;0;33;0;0;1915;0;0;30.44653044;19.60572692
349;0;Point;Tombb;198;Continuous;0;25; ;0;366;0;33;0;0;1915;0;0;30.44653044;19.60572692
350;0;Point;Tombb;198;Continuous;0;25; ;0;367;0;33;0;0;1915;0;0;30.44653044;19.60572692
351;0;Point;Tombb;198;Continuous;0;25; ;0;368;0;33;0;0;1915;0;0;30.44653044;19.60572692
352;0;Point;Tombb;198;Continuous;0;25; ;0;369;0;33;0;0;1915;0;0;30.44653044;19.60572692
353;0;Point;Tombb;198;Continuous;0;25; ;0;370;0;33;0;0;1915;0;0;30.44653044;19.60572692
354;0;Point;Tombb;198;Continuous;0;25; ;0;371;0;33;0;0;1915;0;0;30.44653044;19.60572692
355;0;Point;Tombb;198;Continuous;0;25; ;0;372;0;33;0;0;1915;0;0;30.44653044;19.60572692
356;0;Point;Tombb;198;Continuous;0;25; ;0;373;0;33;0;0;1915;0;0;30.44653044;19.60572692
357;0;Point;Tombb;198;Continuous;0;25; ;0;374;0;33;0;0;1915;0;0;30.44653044;19.60572692
358;0;Point;Tombb;198;Continuous;0;25; ;0;375;0;33;0;0;1915;0;0;30.44653044;19.60572692
359;0;Point;Tombb;198;Continuous;0;25; ;0;376;0;33;0;0;1915;0;0;30.44653044;19.60572692
360;0;Point;Tombb;198;Continuous;0;25; ;0;377;0;33;0;0;1916;0;0;30.44653044;19.60572692
361;0;Point;Tombb;198;Continuous;0;25; ;0;378;0;33;0;0;1916;0;0;30.44653044;19.60572692
362;0;Point;Tombb;198;Continuous;0;25; ;0;379;0;33;0;0;1916;0;0;30.44653044;19.60572692
363;0;Point;Tombb;198;Continuous;0;25; ;0;380;0;33;0;0;1916;0;0;30.44653044;19.60572692
364;0;Point;Tombb;198;Continuous;0;25; ;0;381;0;33;0;0;1916;0;0;30.44653044;19.60572692
365;0;Point;Tombb;198;Continuous;0;25; ;0;382;0;33;0;0;1916;0;0;30.44653044;19.60572692
366;0;Point;Tombb;198;Continuous;0;25; ;0;383;0;33;0;0;1916;0;0;30.44653044;19.60572692
367;0;Point;Tombb;198;Continuous;0;25; ;0;384;0;33;0;0;1916;0;0;30.44653044;19.60572692
368;0;Point;Tombb;198;Continuous;0;25; ;0;385;0;33;0;0;1916;0;0;30.44653044;19.60572692
369;0;Point;Tombb;198;Continuous;0;25; ;0;386;0;33;0;0;1916;0;0;30.44653044;19.60572692
370;0;Point;Tombb;198;Continuous;0;25; ;0;387;0;33;0;0;1916;0;0;30.44653044;19.60572692
371;0;Point;Tombb;198;Continuous;0;25; ;0;388;0;33;0;0;1916;0;0;30.44653044;19.60572692
372;0;Point;Tombb;198;Continuous;0;25; ;0;389;0;33;0;0;1916;0;0;30.44653044;19.60572692
373;0;Point;Tombb;198;Continuous;0;25; ;0;390;0;33;0;0;1916;0;0;30.44653044;19.60572692
374;0;Point;Tombb;198;Continuous;0;25; ;0;391;0;33;0;0;1916;0;0;30.44653044;19.60572692
375;0;Point;Tombb;198;Continuous;0;25; ;0;392;0;33;0;0;1916;0;0;30.44653044;19.60572692
376;0;Point;Tombb;198;Continuous;0;25; ;0;393;0;33;0;0;1916;0;0;30.44653044;19.60572692
377;0;Point;Tombb;198;Continuous;0;25; ;0;394;0;33;0;0;1916;0;0;30.44653044;19.60572692
378;0;Point;Tombb;198;Continuous;0;25; ;0;395;0;33;0;0;1916;0;0;30.44653044;19.60572692
379;0;Point;Tombb;198;Continuous;0;25; ;0;396;0;33;0;0;1916;0;0;30.44653044;19.60572692
380;0;Point;Tombb;198;Continuous;0;25; ;0;397;0;33;0;0;1916;0;0;30.44653044;19.60572692
381;0;Point;Tombb;198;Continuous;0;25; ;0;398;0;33;0;0;1916;0;0;30.44653044;19.60572692
382;0;Point;Tombb;198;Continuous;0;25; ;0;399;0;33;0;0;1916;0;0;30.44653044;19.60572692
383;0;Point;Tombb;198;Continuous;0;25; ;0;400;0;33;0;0;1916;0;0;30.44653044;19.60572692
384;0;Point;Tombb;198;Continuous;0;25; ;0;401;0;33;0;0;1916;0;0;30.44653044;19.60572692
385;0;Point;Tombb;198;Continuous;0;25; ;0;402;0;33;0;0;1916;0;0;30.44653044;19.60572692
386;0;Point;Tombb;198;Continuous;0;25; ;0;403;0;33;0;0;1916;0;0;30.44653044;19.60572692
387;0;Point;Tombb;198;Continuous;0;25; ;0;404;0;33;0;0;1916;0;0;30.44653044;19.60572692
388;0;Point;Tombb;198;Continuous;0;25; ;0;405;0;33;0;0;1916;0;0;30.44653044;19.60572692
389;0;Point;Tombb;198;Continuous;0;25; ;0;406;0;33;0;0;1916;0;0;30.44653044;19.60572692
390;0;Point;Tombb;198;Continuous;0;25; ;0;407;0;33;0;0;1916;0;0;30.44653044;19.60572692
391;0;Point;Tombb;198;Continuous;0;25; ;0;408;0;33;0;0;1916;0;0;30.44653044;19.60572692
392;0;Point;Tombb;198;Continuous;0;25; ;0;409;0;33;0;0;1916;0;0;30.44653044;19.60572692
393;0;Point;Tombb;198;Continuous;0;25; ;0;410;0;33;0;0;1916;0;0;30.44653044;19.60572692
394;0;Point;Tombb;198;Continuous;0;25; ;0;411;0;33;0;0;1916;0;0;30.44653044;19.60572692
395;0;Point;Tombb;198;Continuous;0;25; ;0;412;0;33;0;0;1916;0;0;30.44653044;19.60572692
396;0;Point;Tombb;198;Continuous;0;25; ;0;413;0;33;0;0;1916;0;0;30.44653044;19.60572692
397;0;Point;Tombb;198;Continuous;0;25; ;0;414;0;33;0;0;1916;0;0;30.44653044;19.60572692
398;0;Point;Tombb;198;Continuous;0;25; ;0;415;0;33;0;0;1916;0;0;30.44653044;19.60572692
399;0;Point;Tombb;198;Continuous;0;25; ;0;416;0;33;0;0;1916;0;0;30.44653044;19.60572692
400;0;Point;Tombb;198;Continuous;0;25; ;0;417;0;33;0;0;1916;0;0;30.44653044;19.60572692
401;0;Point;Tombb;198;Continuous;0;25; ;0;418;0;33;0;0;1916;0;0;30.44653044;19.60572692
402;0;Point;Tombb;198;Continuous;0;25; ;0;419;0;33;0;0;1916;0;0;30.44653044;19.60572692
403;0;Point;Tombb;198;Continuous;0;25; ;0;420;0;33;0;0;1916;0;0;30.44653044;19.60572692
404;0;Point;Tombb;198;Continuous;0;25; ;0;421;0;33;0;0;1916;0;0;30.44653044;19.60572692
405;0;Point;Tombb;198;Continuous;0;25; ;0;422;0;33;0;0;1916;0;0;30.44653044;19.60572692
406;0;Point;Tombb;198;Continuous;0;25; ;0;423;0;33;0;0;1916;0;0;30.44653044;19.60572692
407;0;Point;Tombb;198;Continuous;0;25; ;0;424;0;33;0;0;1916;0;0;30.44653044;19.60572692
408;0;Point;Tombb;198;Continuous;0;25; ;0;425;0;33;0;0;1916;0;0;30.44653044;19.60572692
409;0;Point;Tombb;198;Continuous;0;25; ;0;426;0;33;0;0;1916;0;0;30.44653044;19.60572692
410;0;Point;Tombb;198;Continuous;0;25; ;0;427;0;33;0;0;1916;0;0;30.44653044;19.60572692
411;0;Point;Tombb;198;Continuous;0;25; ;0;428;0;33;0;0;1916;0;0;30.44653044;19.60572692
412;0;Point;Tombb;198;Continuous;0;25; ;0;429;0;33;0;0;1916;0;0;30.44653044;19.60572692
413;0;Point;Tombb;198;Continuous;0;25; ;0;430;0;33;0;0;1916;0;0;30.44653044;19.60572692
414;0;Point;Tombb;198;Continuous;0;25; ;0;431;0;33;0;0;1916;0;0;30.44653044;19.60572692
415;0;Point;Tombb;198;Continuous;0;25; ;0;432;0;33;0;0;1916;0;0;30.44653044;19.60572692
416;0;Point;Tombb;198;Continuous;0;25; ;0;433;0;33;0;0;1916;0;0;30.44653044;19.60572692
417;0;Point;Tombb;198;Continuous;0;25; ;0;434;0;33;0;0;1916;0;0;30.44653044;19.60572692
418;0;Point;Tombb;198;Continuous;0;25; ;0;435;0;33;0;0;1916;0;0;30.44653044;19.60572692
419;0;Point;Tombb;198;Continuous;0;25; ;0;436;0;33;0;0;1916;0;0;30.44653044;19.60572692
420;0;Point;Tombb;198;Continuous;0;25; ;0;437;0;33;0;0;1916;0;0;30.44653044;19.60572692
421;0;Point;Tombb;198;Continuous;0;25; ;0;438;0;33;0;0;1916;0;0;30.44653044;19.60572692
422;0;Point;Tombb;198;Continuous;0;25; ;0;439;0;33;0;0;1916;0;0;30.44653044;19.60572692
423;0;Point;Tombb;198;Continuous;0;25; ;0;440;0;33;0;0;1916;0;0;30.44653044;19.60572692
424;0;Point;Tombb;198;Continuous;0;25; ;0;441;0;33;0;0;1916;0;0;30.44653044;19.60572692
425;0;Point;Tombb;198;Continuous;0;25; ;0;442;0;33;0;0;1916;0;0;30.44653044;19.60572692
426;0;Point;Tombb;198;Continuous;0;25; ;0;443;0;33;0;0;1916;0;0;30.44653044;19.60572692
427;0;Point;Tombb;198;Continuous;0;25; ;0;444;0;33;0;0;1916;0;0;30.44653044;19.60572692
428;0;Point;Tombb;198;Continuous;0;25; ;0;445;0;33;0;0;1916;0;0;30.44653044;19.60572692
429;0;Point;Tombb;198;Continuous;0;25; ;0;446;0;33;0;0;1916;0;0;30.44653044;19.60572692
430;0;Point;Tombb;198;Continuous;0;25; ;0;447;0;33;0;0;1916;0;0;30.44653044;19.60572692
431;0;Point;Tombb;198;Continuous;0;25; ;0;448;0;33;0;0;1916;0;0;30.44653044;19.60572692
432;0;Point;Tombb;198;Continuous;0;25; ;0;449;0;33;0;0;1916;0;0;30.44653044;19.60572692
433;0;Point;Tombb;198;Continuous;0;25; ;0;450;0;33;0;0;1916;0;0;30.44653044;19.60572692
434;0;Point;Tombb;198;Continuous;0;25; ;0;451;0;33;0;0;1916;0;0;30.44653044;19.60572692
435;0;Point;Tombb;198;Continuous;0;25; ;0;452;0;33;0;0;1916;0;0;30.44653044;19.60572692
436;0;Point;Tombb;198;Continuous;0;25; ;0;453;0;33;0;0;1916;0;0;30.44653044;19.60572692
437;0;Point;Tombb;198;Continuous;0;25; ;0;454;0;33;0;0;1916;0;0;30.44653044;19.60572692
438;0;Point;Tombb;198;Continuous;0;25; ;0;455;0;33;0;0;1916;0;0;30.44653044;19.60572692
439;0;Point;Tombb;198;Continuous;0;25; ;0;456;0;33;0;0;1916;0;0;30.44653044;19.60572692
440;0;Point;Tombb;198;Continuous;0;25; ;0;457;0;33;0;0;1916;0;0;30.44653044;19.60572692
441;0;Point;Tombb;198;Continuous;0;25; ;0;458;0;33;0;0;1916;0;0;30.44653044;19.60572692
442;0;Point;Tombb;198;Continuous;0;25; ;0;459;0;33;0;0;1916;0;0;30.44653044;19.60572692
443;0;Point;Tombb;198;Continuous;0;25; ;0;460;0;33;0;0;1916;0;0;30.44653044;19.60572692
444;0;Point;Tombb;198;Continuous;0;25; ;0;461;0;33;0;0;1916;0;0;30.44653044;19.60572692
445;0;Point;Tombb;198;Continuous;0;25; ;0;462;0;33;0;0;1916;0;0;30.44653044;19.60572692
446;0;Point;Tombb;198;Continuous;0;25; ;0;463;0;33;0;0;1916;0;0;30.44653044;19.60572692
447;0;Point;Tombb;198;Continuous;0;25; ;0;464;0;33;0;0;1916;0;0;30.44653044;19.60572692
448;0;Point;Tombb;198;Continuous;0;25; ;0;465;0;33;0;0;1916;0;0;30.44653044;19.60572692
449;0;Point;Tombb;198;Continuous;0;25; ;0;466;0;33;0;0;1916;0;0;30.44653044;19.60572692
450;0;Point;Tombb;198;Continuous;0;25; ;0;467;0;33;0;0;1916;0;0;30.44653044;19.60572692
451;0;Point;Tombb;198;Continuous;0;25; ;0;468;0;33;0;0;1916;0;0;30.44653044;19.60572692
452;0;Point;Tombb;198;Continuous;0;25; ;0;469;0;33;0;0;1916;0;0;30.44653044;19.60572692
453;0;Point;Tombb;198;Continuous;0;25; ;0;470;0;33;0;0;1916;0;0;30.44653044;19.60572692
454;0;Point;Tombb;198;Continuous;0;25; ;0;471;0;33;0;0;1916;0;0;30.44653044;19.60572692
455;0;Point;Tombb;198;Continuous;0;25; ;0;472;0;33;0;0;1916;0;0;30.44653044;19.60572692
456;0;Point;Tombb;198;Continuous;0;25; ;0;473;0;33;0;0;1916;0;0;30.44653044;19.60572692
457;0;Point;Tombb;198;Continuous;0;25; ;0;474;0;33;0;0;1916;0;0;30.44653044;19.60572692
458;0;Point;Tombb;198;Continuous;0;25; ;0;475;0;33;0;0;1916;0;0;30.44653044;19.60572692
459;0;Point;Tombb;198;Continuous;0;25; ;0;476;0;33;0;0;1916;0;0;30.44653044;19.60572692
460;0;Point;Tombb;198;Continuous;0;25; ;0;477;0;33;0;0;1916;0;0;30.44653044;19.60572692
461;0;Point;Tombb;198;Continuous;0;25; ;0;478;0;33;0;0;1916;0;0;30.44653044;19.60572692
462;0;Point;Tombb;198;Continuous;0;25; ;0;479;0;33;0;0;1916;0;0;30.44653044;19.60572692
463;0;Point;Tombb;198;Continuous;0;25; ;0;480;0;33;0;0;1916;0;0;30.44653044;19.60572692
464;0;Point;Tombb;198;Continuous;0;25; ;0;481;0;33;0;0;1916;0;0;30.44653044;19.60572692
465;0;Point;Tombb;198;Continuous;0;25; ;0;482;0;33;0;0;1916;0;0;30.44653044;19.60572692
466;0;Point;Tombb;198;Continuous;0;25; ;0;483;0;33;0;0;1916;0;0;30.44653044;19.60572692
467;0;Point;Tombb;198;Continuous;0;25; ;0;484;0;33;0;0;1916;0;0;30.44653044;19.60572692
468;0;Point;Tombb;198;Continuous;0;25; ;0;485;0;33;0;0;1916;0;0;30.44653044;19.60572692
469;0;Point;Tombb;198;Continuous;0;25; ;0;486;0;33;0;0;1916;0;0;30.44653044;19.60572692
470;0;Point;Tombb;198;Continuous;0;25; ;0;487;0;33;0;0;1916;0;0;30.44653044;19.60572692
471;0;Point;Tombb;198;Continuous;0;25; ;0;488;0;33;0;0;1916;0;0;30.44653044;19.60572692
472;0;Point;Tombb;198;Continuous;0;25; ;0;489;0;33;0;0;1916;0;0;30.44653044;19.60572692
473;0;Point;Tombb;198;Continuous;0;25; ;0;490;0;33;0;0;1916;0;0;30.44653044;19.60572692
474;0;Point;Tombb;198;Continuous;0;25; ;0;491;0;33;0;0;1916;0;0;30.44653044;19.60572692
475;0;Point;Tombb;198;Continuous;0;25; ;0;492;0;33;0;0;1916;0;0;30.44653044;19.60572692
476;0;Point;Tombb;198;Continuous;0;25; ;0;493;0;33;0;0;1916;0;0;30.44653044;19.60572692
477;0;Point;Tombb;198;Continuous;0;25; ;0;494;0;33;0;0;1916;0;0;30.44653044;19.60572692
478;0;Point;Tombb;198;Continuous;0;25; ;0;495;0;33;0;0;1916;0;0;30.44653044;19.60572692
479;0;Point;Tombb;198;Continuous;0;25; ;0;496;0;33;0;0;1916;0;0;30.44653044;19.60572692
480;0;Point;Tombb;198;Continuous;0;25; ;0;497;0;33;0;0;1916;0;0;30.44653044;19.60572692
481;0;Point;Tombb;198;Continuous;0;25; ;0;498;0;33;0;0;1916;0;0;30.44653044;19.60572692
482;0;Point;Tombb;198;Continuous;0;25; ;0;499;0;33;0;0;1916;0;0;30.44653044;19.60572692
483;0;Point;Tombb;198;Continuous;0;25; ;0;500;0;33;0;0;1916;0;0;30.44653044;19.60572692
484;0;Point;Tombb;198;Continuous;0;25; ;0;501;0;33;0;0;1916;0;0;30.44653044;19.60572692
485;0;Point;Tombb;198;Continuous;0;25; ;0;502;0;33;0;0;1916;0;0;30.44653044;19.60572692
486;0;Point;Tombb;198;Continuous;0;25; ;0;503;0;33;0;0;1916;0;0;30.44653044;19.60572692
487;0;Point;Tombb;198;Continuous;0;25; ;0;504;0;33;0;0;1916;0;0;30.44653044;19.60572692
488;0;Point;Tombb;198;Continuous;0;25; ;0;505;0;33;0;0;1916;0;0;30.44653044;19.60572692
489;0;Point;Tombb;198;Continuous;0;25; ;0;506;0;33;0;0;1916;0;0;30.44653044;19.60572692
490;0;Point;Tombb;198;Continuous;0;25; ;0;507;0;33;0;0;1916;0;0;30.44653044;19.60572692
491;0;Point;Tombb;198;Continuous;0;25; ;0;508;0;33;0;0;1916;0;0;30.44653044;19.60572692
492;0;Point;Tombb;198;Continuous;0;25; ;0;509;0;33;0;0;1916;0;0;30.44653044;19.60572692
493;0;Point;Tombb;198;Continuous;0;25; ;0;510;0;33;0;0;1916;0;0;30.44653044;19.60572692
494;0;Point;Tombb;198;Continuous;0;25; ;0;511;0;33;0;0;1916;0;0;30.44653044;19.60572692
495;0;Point;Tombb;198;Continuous;0;25; ;0;512;0;33;0;0;1916;0;0;30.44653044;19.60572692
496;0;Point;Tombb;198;Continuous;0;25; ;0;513;0;33;0;0;1916;0;0;30.44653044;19.60572692
497;0;Point;Tombb;198;Continuous;0;25; ;0;514;0;33;0;0;1916;0;0;30.44653044;19.60572692
498;0;Point;Tombb;198;Continuous;0;25; ;0;515;0;33;0;0;1916;0;0;30.44653044;19.60572692
499;0;Point;Tombb;198;Continuous;0;25; ;0;516;0;33;0;0;1916;0;0;30.44653044;19.60572692
500;0;Point;Tombb;198;Continuous;0;25; ;0;517;0;33;0;0;1916;0;0;30.44653044;19.60572692
501;0;Point;Tombb;198;Continuous;0;25; ;0;518;0;33;0;0;1916;0;0;30.44653044;19.60572692
502;0;Point;Tombb;198;Continuous;0;25; ;0;519;0;33;0;0;1916;0;0;30.44653044;19.60572692
503;0;Point;Tombb;198;Continuous;0;25; ;0;520;0;33;0;0;1916;0;0;30.44653044;19.60572692
504;0;Point;Tombb;198;Continuous;0;25; ;0;521;0;33;0;0;1916;0;0;30.44653044;19.60572692
505;0;Point;Tombb;198;Continuous;0;25; ;0;522;0;33;0;0;1916;0;0;30.44653044;19.60572692
506;0;Point;Tombb;198;Continuous;0;25; ;0;523;0;33;0;0;1916;0;0;30.44653044;19.60572692
507;0;Point;Tombb;198;Continuous;0;25; ;0;524;0;33;0;0;1916;0;0;30.44653044;19.60572692
508;0;Point;Tombb;198;Continuous;0;25; ;0;525;0;33;0;0;1916;0;0;30.44653044;19.60572692
509;0;Point;Tombb;198;Continuous;0;25; ;0;526;0;33;0;0;1916;0;0;30.44653044;19.60572692
510;0;Point;Tombb;198;Continuous;0;25; ;0;527;0;33;0;0;1916;0;0;30.44653044;19.60572692
511;0;Point;Tombb;198;Continuous;0;25; ;0;528;0;33;0;0;1916;0;0;30.44653044;19.60572692
512;0;Point;Tombb;198;Continuous;0;25; ;0;529;0;33;0;0;1916;0;0;30.44653044;19.60572692
513;0;Point;Tombb;198;Continuous;0;25; ;0;530;0;33;0;0;1916;0;0;30.44653044;19.60572692
514;0;Point;Tombb;198;Continuous;0;25; ;0;531;0;33;0;0;1916;0;0;30.44653044;19.60572692
515;0;Point;Tombb;198;Continuous;0;25; ;0;532;0;33;0;0;1916;0;0;30.44653044;19.60572692
516;0;Point;Tombb;198;Continuous;0;25; ;0;533;0;33;0;0;1916;0;0;30.44653044;19.60572692
517;0;Point;Tombb;198;Continuous;0;25; ;0;534;0;33;0;0;1916;0;0;30.44653044;19.60572692
518;0;Point;Tombb;198;Continuous;0;25; ;0;535;0;33;0;0;1916;0;0;30.44653044;19.60572692
519;0;Point;Tombb;198;Continuous;0;25; ;0;538;0;33;0;0;1916;0;0;30.44653044;19.60572692
520;0;Point;Tombb;198;Continuous;0;25; ;0;539;53;5;1030;-253;1980-1981;6;253;30.44421899;19.61473681
521;0;Point;Tombb;198;Continuous;0;25; ;0;540;54;5;1027;-254;1980-1981;6;254;30.44421049;19.61471041
522;0;Point;Tombb;198;Continuous;0;25; ;0;541;57;7;1171;-295;1981-1982;7;295;30.44383798;19.61596954
523;0;Point;Tombb;198;Continuous;0;25; ;0;542;58;7;1172;-299;1981-1982;7;299;30.44380281;19.61597795
524;0;Point;Tombb;198;Continuous;0;25; ;0;543;59;7;1167;-299;1981-1982;7;299;30.44380326;19.6159341
525;0;Point;Tombb;198;Continuous;0;25; ;0;544;60;7;1166;-295;1981-1982;7;295;30.44383843;19.61592569
526;0;Point;Tombb;198;Continuous;0;25; ;0;545;61;7;1162;-298;1981-1982;7;298;30.44381248;19.61589035
527;0;Point;Tombb;198;Continuous;0;25; ;0;546;62;7;1164;-300;1981-1982;7;300;30.44379476;19.6159077
528;0;Point;Tombb;198;Continuous;0;25; ;0;547;63;7;1163;-298;1981-1982;7;298;30.44381239;19.61589911
529;0;Point;Tombb;198;Continuous;0;25; ;0;548;64;7;1161;-295;1981-1982;7;295;30.44383888;19.61588185
530;0;Point;Tombb;198;Continuous;0;25; ;0;549;72;6;1030;-298;1981-1982;2;298;30.44382436;19.61473276
531;0;Point;Tombb;198;Continuous;0;25; ;0;550;73;6;1035;-295;1981-1982;2;295;30.44385022;19.61477688
532;0;Point;Tombb;198;Continuous;0;25; ;0;551;74;6;1033;-297;1981-1982;2;297;30.44383286;19.61475916
533;0;Point;Tombb;198;Continuous;0;25; ;0;552;75;6;1036;-298;1981-1982;2;298;30.44382382;19.61478538
534;0;Point;Tombb;198;Continuous;0;25; ;0;553;43;4;1098;-246;1980-1981;1;246;30.44427426;19.61533377
535;0;Point;Tombb;198;Continuous;0;25; ;0;554;44;4;1097;-248;1980-1981;1;248;30.44425681;19.61532482
536;0;Point;Tombb;198;Continuous;0;25; ;0;555;45;4;1098;-248;1980-1981;1;248;30.44425672;19.61533359
537;0;Point;Tombb;198;Continuous;0;25; ;0;556;46;4;1098;-250;1980-1981;1;250;30.44423918;19.61533341
538;0;Point;Tombb;198;Continuous;0;25; ;0;557;47;4;1098;-251;1980-1981;1;251;30.44423041;19.61533332
539;0;Point;Tombb;198;Continuous;0;25; ;0;558;48;4;1096;-252;1980-1981;1;252;30.44422182;19.61531569
540;0;Point;Tombb;198;Continuous;0;25; ;0;559;49;4;1096;-250;1980-1981;1;250;30.44423936;19.61531587
541;0;Point;Tombb;198;Continuous;0;25; ;0;560;50;4;1096;-254;1980-1981;1;254;30.44420428;19.61531551
542;0;Point;Tombb;198;Continuous;0;25; ;0;561;51;4;1098;-252;1980-1981;1;252;30.44422164;19.61533323
543;0;Point;Tombb;198;Continuous;0;25; ;0;562;52;4;1098;-254;1980-1981;1;254;30.4442041;19.61533305
544;0;Point;Tombb;198;Continuous;0;25; ;0;563;95;4;1099;-274;1984-1985;1;274;30.44402862;19.61534002
545;0;Point;Tombb;198;Continuous;0;25; ;0;564;97;4;1099;-272;1984-1985;1;272;30.44404616;19.6153402
546;0;Point;Tombb;198;Continuous;0;25; ;0;565;96;4;1101;-270;1984-1985;1;270;30.44406352;19.61535792
547;0;Point;Tombb;198;Continuous;0;25; ;0;566;98;4;1100;-268;1984-1985;1;268;30.44408115;19.61534933
548;0;Point;Tombb;198;Continuous;0;25; ;0;567;99;4;1102;-267;1984-1985;1;267;30.44408974;19.61536696
549;0;Point;Tombb;198;Continuous;0;25; ;0;568;100;4;1099;-266;1984-1985;1;266;30.44409878;19.61534074
550;0;Point;Tombb;198;Continuous;0;25; ;0;569;101;4;1101;-266;1984-1985;1;266;30.4440986;19.61535828
551;0;Point;Tombb;198;Continuous;0;25; ;0;570;102;4;0;0;1984-1985;1;0;30.44653044;19.60572692
552;0;Point;Tombb;198;Continuous;0;25; ;0;571;103;4;1098;-268;1984-1985;1;268;30.44408133;19.61533179
553;0;Point;Tombb;198;Continuous;0;25; ;0;572;104;4;1097;-266;1984-1985;1;266;30.44409896;19.6153232
554;0;Point;Tombb;198;Continuous;0;25; ;0;573;105;4;1098;-269;1984-1985;1;269;30.44407256;19.6153317
555;0;Point;Tombb;198;Continuous;0;25; ;0;574;106;4;1102;-272;1984-1985;1;272;30.44404589;19.61536651
556;0;Point;Tombb;198;Continuous;0;25; ;0;575;65;8;1013;-179;1981-1982;8;179;30.44486947;19.61459439
557;0;Point;Tombb;198;Continuous;0;25; ;0;576;66;8;1011;-177;1981-1982;8;177;30.44488719;19.61457703
558;0;Point;Tombb;198;Continuous;0;25; ;0;577;67;8;1008;-178;1981-1982;8;178;30.44487869;19.61455063
559;0;Point;Tombb;198;Continuous;0;25; ;0;578;68;8;1004;-178;1981-1982;8;178;30.44487905;19.61451556
560;0;Point;Tombb;198;Continuous;0;25; ;0;579;69;8;1004;-180;1981-1982;8;180;30.44486152;19.61451538
561;0;Point;Tombb;198;Continuous;0;25; ;0;580;70;8;990;-172;1981-1982;8;172;30.44493293;19.61439332
562;0;Point;Tombb;198;Continuous;0;25; ;0;581;71;8;1002;-180;1981-1982;8;180;30.4448617;19.61449784
563;0;Point;Tombb;198;Continuous;0;25; ;0;582;35;9;950;-265;1979-1980;9;265;30.44412096;19.61403416
564;0;Point;Tombb;198;Continuous;0;25; ;0;583;36;9;952;-268;1979-1980;9;268;30.44409447;19.61405143
565;0;Point;Tombb;198;Continuous;0;25; ;0;584;37;9;952;-262;1979-1980;9;262;30.44414709;19.61405197
566;0;Point;Tombb;198;Continuous;0;25; ;0;585;38;9;949;-262;1979-1980;9;262;30.44414736;19.61402567
567;0;Point;Tombb;198;Continuous;0;25; ;0;586;39;9;946;-262;1979-1980;9;262;30.44414763;19.61399936
568;0;Point;Tombb;198;Continuous;0;25; ;0;587;40;9;943;-260;1979-1980;9;260;30.44416544;19.61397323
569;0;Point;Tombb;198;Continuous;0;25; ;0;588;41;9;956;-262;1979-1980;9;262;30.44414673;19.61408705
570;0;Point;Tombb;198;Continuous;0;25; ;0;589;42;9;940;-265;1979-1980;9;265;30.44412186;19.61394647
571;0;Point;Tombb;198;Continuous;0;25; ;0;590;254;1;1096;-264;1998-1999;3;264;30.44411659;19.61531461
572;0;Point;Tombb;198;Continuous;0;25; ;0;591;255;1;1095;-262;1998-1999;1;262;30.44413422;19.61530602
573;0;Point;Tombb;198;Continuous;0;25; ;0;592;256;1;1094;-264;1998-1999;1;264;30.44411677;19.61529707
574;0;Point;Tombb;198;Continuous;0;25; ;0;593;257;1;1088;-264;1998-1999;1;264;30.44411731;19.61524446
575;0;Point;Tombb;198;Continuous;0;25; ;0;594;258;1;1092;-264;1998-1999;1;264;30.44411695;19.61527954
576;0;Point;Tombb;198;Continuous;0;25; ;0;595;259;1;1091;-262;1998-1999;1;262;30.44413458;19.61527095
577;0;Point;Tombb;198;Continuous;0;25; ;0;596;260;1;1090;-264;1998-1999;1;264;30.44411713;19.615262
578;0;Point;Tombb;198;Continuous;0;25; ;0;597;261;1;1090;-261;1998-1999;1;261;30.44414344;19.61526227
579;0;Point;Tombb;198;Continuous;0;25; ;0;598;262;1;1088;-262;1998-1999;1;262;30.44413485;19.61524464
580;0;Point;Tombb;198;Continuous;0;25; ;0;599;263;1;1086;-264;1998-1999;1;264;30.44411749;19.61522692
581;0;Point;Tombb;198;Continuous;0;25; ;0;600;264;1;1086;-262;1998-1999;1;262;30.44413503;19.6152271
582;0;Point;Tombb;198;Continuous;0;25; ;0;601;265;1;1084;-262;1998-1999;1;262;30.44413521;19.61520956
583;0;Point;Tombb;198;Continuous;0;25; ;0;602;266;1;1083;-264;1998-1999;1;264;30.44411776;19.61520061
584;0;Point;Tombb;198;Continuous;0;25; ;0;603;267;1;1083;-263;1998-1999;1;263;30.44412653;19.6152007
585;0;Point;Tombb;198;Continuous;0;25; ;0;604;268;1;1082;-261;1998-1999;1;261;30.44414416;19.61519211
586;0;Point;Tombb;198;Continuous;0;25; ;0;605;269;1;1081;-262;1998-1999;1;262;30.44413548;19.61518325
587;0;Point;Tombb;198;Continuous;0;25; ;0;606;270;1;1080;-264;1998-1999;1;264;30.44411803;19.6151743
588;0;Point;Tombb;198;Continuous;0;25; ;0;607;271;1;1080;-262;1998-1999;1;262;30.44413557;19.61517448
589;0;Point;Tombb;198;Continuous;0;25; ;0;608;272;1;1079;-264;1998-1999;1;264;30.44411812;19.61516553
590;0;Point;Tombb;198;Continuous;0;25; ;0;609;273;1;1068;-263;1998-1999;1;263;30.44412788;19.61506916
591;0;Point;Tombb;198;Continuous;0;25; ;0;610;275;1;1070;-262;1998-1999;1;262;30.44413647;19.61508678
592;0;Point;Tombb;198;Continuous;0;25; ;0;611;276;1;1074;-262;1998-1999;1;262;30.44413611;19.61512186
593;0;Point;Tombb;198;Continuous;0;25; ;0;612;277;1;1092;-264;1998-1999;1;264;30.44411695;19.61527954
594;0;Point;Tombb;198;Continuous;0;25; ;0;613;278;1;1070;-264;1998-1999;1;264;30.44411893;19.6150866
595;0;Point;Tombb;198;Continuous;0;25; ;0;614;279;1;1068;-266;1998-1999;1;266;30.44410157;19.61506889
596;0;Point;Tombb;198;Continuous;0;25; ;0;615;280;1;1076;-264;1998-1999;1;264;30.44411839;19.61513922
597;0;Point;Tombb;198;Continuous;0;25; ;0;616;281;1;1058;-263;1998-1999;1;263;30.44412878;19.61498146
598;0;Point;Tombb;198;Continuous;0;25; ;0;617;199;26;976;-198;1995-1996;10;198;30.44470618;19.61426821
599;0;Point;Tombb;198;Continuous;0;25; ;0;618;200;26;976;-207;1995-1996;6;207;30.44462726;19.6142674
600;0;Point;Tombb;198;Continuous;0;25; ;0;619;201;26;974;-202;1995-1996;6;202;30.44467129;19.61425031
601;0;Point;Tombb;198;Continuous;0;25; ;0;620;202;26;972;-198;1995-1996;6;198;30.44470654;19.61423313
602;0;Point;Tombb;198;Continuous;0;25; ;0;621;203;26;974;-206;1995-1996;6;206;30.44463621;19.61424995
603;0;Point;Tombb;198;Continuous;0;25; ;0;622;204;26;970;-205;1995-1996;6;205;30.44464534;19.61421496
604;0;Point;Tombb;198;Continuous;0;25; ;0;623;205;26;967;-198;1995-1996;6;198;30.44470699;19.61418928
605;0;Point;Tombb;198;Continuous;0;25; ;0;624;206;26;967;-203;1995-1996;6;203;30.44466315;19.61418883
606;0;Point;Tombb;198;Continuous;0;25; ;0;625;207;26;966;-206;1995-1996;6;206;30.44463693;19.61417979
607;0;Point;Tombb;198;Continuous;0;25; ;0;626;208;26;962;-203;1995-1996;6;203;30.4446636;19.61414498
608;0;Point;Tombb;198;Continuous;0;25; ;0;627;209;26;963;-205;1995-1996;6;205;30.44464597;19.61415357
609;0;Point;Tombb;198;Continuous;0;25; ;0;628;210;26;960;-202;1995-1996;6;202;30.44467255;19.61412753
610;0;Point;Tombb;198;Continuous;0;25; ;0;629;211;26;959;-205;1995-1996;6;205;30.44464633;19.61411849
611;0;Point;Tombb;198;Continuous;0;25; ;0;630;212;26;955;-200;1995-1996;6;200;30.44469054;19.61408387
612;0;Point;Tombb;198;Continuous;0;25; ;0;631;220;26;1006;-232;1995-1996;6;232;30.44440532;19.61452823
613;0;Point;Tombb;198;Continuous;0;25; ;0;632;221;26;998;-234;1995-1996;6;234;30.4443885;19.6144579
614;0;Point;Tombb;198;Continuous;0;25; ;0;633;227;26;996;-216;1996-1997;6;216;30.44454653;19.61444198
615;0;Point;Tombb;198;Continuous;0;25; ;0;634;228;26;992;-212;1996-1997;6;212;30.44458197;19.61440726
616;0;Point;Tombb;198;Continuous;0;25; ;0;635;217;26;1013;-228;1995-1996;6;228;30.44443976;19.61458998
617;0;Point;Tombb;198;Continuous;0;25; ;0;636;218;26;1007;-230;1995-1996;6;230;30.44442277;19.61453718
618;0;Point;Tombb;198;Continuous;0;25; ;0;637;219;26;1007;-235;1995-1996;6;235;30.44437892;19.61453673
619;0;Point;Tombb;198;Continuous;0;25; ;0;639;229;26;1010;-220;1996-1997;6;220;30.44451019;19.61456439
620;0;Point;Tombb;198;Continuous;0;25; ;0;640;230;26;1001;-217;1996-1997;6;217;30.44453731;19.61448574
621;0;Point;Tombb;198;Continuous;0;25; ;0;641;231;26;1007;-202;1996-1997;6;202;30.44466831;19.6145397
622;0;Point;Tombb;198;Continuous;0;25; ;0;642;232;26;986;-201;1996-1997;6;201;30.44467897;19.61435563
623;0;Point;Tombb;198;Continuous;0;25; ;0;643;233;26;998;-212;1996-1997;6;212;30.44458143;19.61445988
624;0;Point;Tombb;198;Continuous;0;25; ;0;644;234;26;998;-210;1996-1997;6;210;30.44459897;19.61446006
625;0;Point;Tombb;198;Continuous;0;25; ;0;645;235;26;1000;-212;1996-1997;6;212;30.44458125;19.61447742
626;0;Point;Tombb;198;Continuous;0;25; ;0;646;236;26;996;-208;1996-1997;6;208;30.44461669;19.6144427
627;0;Point;Tombb;198;Continuous;0;25; ;0;647;237;26;998;-217;1996-1997;6;217;30.44453758;19.61445943
628;0;Point;Tombb;198;Continuous;0;25; ;0;648;76;10;855;-120;1982-1983;11;120;30.44540111;19.61321411
629;0;Point;Tombb;198;Continuous;0;25; ;0;649;77;10;857;-126;1982-1983;11;126;30.44534831;19.61323111
630;0;Point;Tombb;198;Continuous;0;25; ;0;650;78;10;856;-130;1982-1983;11;130;30.44531332;19.61322198
631;0;Point;Tombb;198;Continuous;0;25; ;0;651;79;10;854;-113;1982-1983;11;113;30.44546258;19.61320597
632;0;Point;Tombb;198;Continuous;0;25; ;0;652;517;26;968;-203;2013-2014;0;203;30.44466306;19.6141976
633;0;Point;Tombb;198;Continuous;0;25; ;0;653;521;26;982;-202;2013-2014;0;202;30.44467057;19.61432046
634;0;Point;Tombb;198;Continuous;0;25; ;0;654;522;26;978;-199;2013-2014;0;199;30.44469723;19.61428566
635;0;Point;Tombb;198;Continuous;0;25; ;0;655;523;26;980;-200;2013-2014;0;200;30.44468828;19.6143031
636;0;Point;Tombb;198;Continuous;0;25; ;0;656;524;26;981;-197;2013-2014;0;197;30.4447145;19.61431214
637;0;Point;Tombb;198;Continuous;0;25; ;0;657;526;26;978;-195;2013-2014;0;195;30.44473231;19.61428602
638;0;Point;Tombb;198;Continuous;0;25; ;0;658;527;26;1000;-203;2013-2014;0;203;30.44466017;19.61447823
639;0;Point;Tombb;198;Continuous;0;25; ;0;659;528;26;1002;-201;2013-2014;0;201;30.44467753;19.61449595
640;0;Point;Tombb;198;Continuous;0;25; ;0;660;530;26;998;-200;2013-2014;0;200;30.44468666;19.61446096
641;0;Point;Tombb;198;Continuous;0;25; ;0;661;531;26;996;-195;2013-2014;0;195;30.44473069;19.61444387
642;0;Point;Tombb;198;Continuous;0;25; ;0;662;533;26;996;-204;2013-2014;0;204;30.44465177;19.61444306
643;0;Point;Tombb;198;Continuous;0;25; ;0;663;534;26;992;-204;2013-2014;0;204;30.44465213;19.61440798
644;0;Point;Tombb;198;Continuous;0;25; ;0;664;544;26;1012;-209;2013-2014;0;209;30.44460648;19.61458292
645;0;Point;Tombb;198;Continuous;0;25; ;0;665;545;26;1011;-205;2013-2014;0;205;30.44464165;19.61457451
646;0;Point;Tombb;198;Continuous;0;25; ;0;666;546;26;1008;-210;2013-2014;0;210;30.44459807;19.61454775
647;0;Point;Tombb;198;Continuous;0;25; ;0;667;547;26;1010;-195;2013-2014;0;195;30.44472943;19.61456664
648;0;Point;Tombb;198;Continuous;0;25; ;0;668;548;26;1008;-198;2013-2014;0;198;30.4447033;19.61454883
649;0;Point;Tombb;198;Continuous;0;25; ;0;669;549;26;1006;-206;2013-2014;0;206;30.44463333;19.61453057
650;0;Point;Tombb;198;Continuous;0;25; ;0;670;550;26;989;-200;2013-2014;0;200;30.44468747;19.61438203
651;0;Point;Tombb;198;Continuous;0;25; ;0;671;551;26;1013;-212;2013-2014;0;212;30.44458008;19.61459142
652;0;Point;Tombb;198;Continuous;0;25; ;0;672;552;26;1011;-212;2013-2014;0;212;30.44458026;19.61457388
653;0;Point;Tombb;198;Continuous;0;25; ;0;673;553;26;1011;-218;2013-2014;0;218;30.44452764;19.61457334
654;0;Point;Tombb;198;Continuous;0;25; ;0;674;554;26;1010;-216;2013-2014;0;216;30.44454527;19.61456475
655;0;Point;Tombb;198;Continuous;0;25; ;0;675;555;26;1006;-214;2013-2014;0;214;30.44456317;19.61452985
656;0;Point;Tombb;198;Continuous;0;25; ;0;676;556;26;1006;-218;2013-2014;0;218;30.44452809;19.61452949
657;0;Point;Tombb;198;Continuous;0;25; ;0;677;557;26;1014;-224;2013-2014;0;224;30.44447475;19.61459911
658;0;Point;Tombb;198;Continuous;0;25; ;0;678;558;26;1008;-222;2013-2014;0;222;30.44449283;19.61454667
659;0;Point;Tombb;198;Continuous;0;25; ;0;679;559;26;1007;-224;2013-2014;0;224;30.44447538;19.61453772
660;0;Point;Tombb;198;Continuous;0;25; ;0;680;560;26;1015;-230;2013-2014;0;230;30.44442205;19.61460734
661;0;Point;Tombb;198;Continuous;0;25; ;0;681;561;26;1013;-232;2013-2014;0;232;30.44440469;19.61458962
662;0;Point;Tombb;198;Continuous;0;25; ;0;682;562;26;1004;-228;2013-2014;0;228;30.44444058;19.61451105
663;0;Point;Tombb;198;Continuous;0;25; ;0;683;563;26;1003;-223;2013-2014;0;223;30.44448451;19.61450273
664;0;Point;Tombb;198;Continuous;0;25; ;0;684;564;26;999;-222;2013-2014;0;222;30.44449364;19.61446775
665;0;Point;Tombb;198;Continuous;0;25; ;0;685;565;26;996;-221;2013-2014;0;221;30.44450268;19.61444153
666;0;Point;Tombb;198;Continuous;0;25; ;0;686;566;26;993;-223;2013-2014;0;223;30.44448541;19.61441504
667;0;Point;Tombb;198;Continuous;0;25; ;0;687;567;26;996;-225;2013-2014;0;225;30.4444676;19.61444117
668;0;Point;Tombb;198;Continuous;0;25; ;0;688;568;26;999;-228;2013-2014;0;228;30.44444103;19.61446721
669;0;Point;Tombb;198;Continuous;0;25; ;0;689;569;26;997;-229;2013-2014;0;229;30.44443244;19.61444958
670;0;Point;Tombb;198;Continuous;0;25; ;0;690;570;26;993;-227;2013-2014;0;227;30.44445034;19.61441468
671;0;Point;Tombb;198;Continuous;0;25; ;0;691;571;26;991;-225;2013-2014;0;225;30.44446805;19.61439732
672;0;Point;Tombb;198;Continuous;0;25; ;0;692;573;26;1019;-237;2013-2014;0;237;30.4443603;19.61464179
673;0;Point;Tombb;198;Continuous;0;25; ;0;693;574;26;1014;-240;2013-2014;0;240;30.44433444;19.61459767
674;0;Point;Tombb;198;Continuous;0;25; ;0;694;575;26;1011;-234;2013-2014;0;234;30.44438733;19.6145719
675;0;Point;Tombb;198;Continuous;0;25; ;0;695;576;26;1010;-238;2013-2014;0;238;30.44435234;19.61456277
676;0;Point;Tombb;198;Continuous;0;25; ;0;696;577;26;1009;-236;2013-2014;0;236;30.44436997;19.61455418
677;0;Point;Tombb;198;Continuous;0;25; ;0;697;578;26;1004;-237;2013-2014;0;237;30.44436165;19.61451024
678;0;Point;Tombb;198;Continuous;0;25; ;0;698;579;26;1003;-233;2013-2014;0;233;30.44439682;19.61450183
679;0;Point;Tombb;198;Continuous;0;25; ;0;699;580;26;1001;-213;2013-2014;0;213;30.44457239;19.6144861
680;0;Point;Tombb;198;Continuous;0;25; ;0;700;581;26;1005;-195;2013-2014;0;195;30.44472988;19.61452279
681;0;Point;Tombb;198;Continuous;0;25; ;0;701;582;26;1000;-238;2013-2014;0;238;30.44435324;19.61447508
682;0;Point;Tombb;198;Continuous;0;25; ;0;702;572;26;991;-228;2013-2014;0;228;30.44444175;19.61439705
683;0;Point;Tombb;198;Continuous;0;25; ;0;703;85;11;853;-178;1982-1983;12;178;30.44489265;19.61319135
684;0;Point;Tombb;198;Continuous;0;25; ;0;704;86;12;791;-139;1983-1984;13;139;30.44524025;19.61265115
685;0;Point;Tombb;198;Continuous;0;25; ;0;705;87;12;790;-138;1983-1984;12;138;30.44524911;19.61264247
686;0;Point;Tombb;198;Continuous;0;25; ;0;706;88;12;790;-142;1983-1984;12;142;30.44521403;19.61264211
687;0;Point;Tombb;198;Continuous;0;25; ;0;707;89;12;787;-142;1983-1984;12;142;30.4452143;19.6126158
688;0;Point;Tombb;198;Continuous;0;25; ;0;708;91;12;784;-140;1983-1984;12;140;30.44523211;19.61258967
689;0;Point;Tombb;198;Continuous;0;25; ;0;709;80;11;848;-181;1982-1983;12;181;30.44486679;19.61314723
690;0;Point;Tombb;198;Continuous;0;25; ;0;710;81;11;848;-179;1982-1983;12;179;30.44488433;19.61314741
691;0;Point;Tombb;198;Continuous;0;25; ;0;711;82;11;845;-178;1982-1983;12;178;30.44489337;19.61312119
692;0;Point;Tombb;198;Continuous;0;25; ;0;712;83;11;844;-180;1982-1983;12;180;30.44487592;19.61311224
693;0;Point;Tombb;198;Continuous;0;25; ;0;713;84;11;853;-176;1982-1983;12;176;30.44491019;19.61319153
694;0;Point;Tombb;198;Continuous;0;25; ;0;714;90;12;787;-139;1983-1984;12;139;30.44524061;19.61261607
695;0;Point;Tombb;198;Continuous;0;25; ;0;715;583;11;852;-183;2015-2016;12;183;30.44484889;19.61318213
696;0;Point;Tombb;198;Continuous;0;25; ;0;716;584;11;849;-185;2015-2016;12;185;30.44483162;19.61315564
697;0;Point;Tombb;198;Continuous;0;25; ;0;717;585;11;851;-175;2015-2016;12;175;30.44491914;19.61317408
698;0;Point;Tombb;198;Continuous;0;25; ;0;718;586;11;852;-172;2015-2016;12;172;30.44494536;19.61318312
699;0;Point;Tombb;198;Continuous;0;25; ;0;719;589;11;844;-184;2015-2016;12;184;30.44484084;19.61311188
700;0;Point;Tombb;198;Continuous;0;25; ;0;720;590;11;843;-176;2015-2016;12;176;30.44491109;19.61310383
701;0;Point;Tombb;198;Continuous;0;25; ;0;721;591;11;842;-172;2015-2016;12;172;30.44494626;19.61309542
702;0;Point;Tombb;198;Continuous;0;25; ;0;722;592;11;844;-169;2015-2016;12;169;30.44497239;19.61311323
703;0;Point;Tombb;198;Continuous;0;25; ;0;723;593;11;846;-168;2015-2016;12;168;30.44498098;19.61313086
704;0;Point;Tombb;198;Continuous;0;25; ;0;724;594;11;846;-168;2015-2016;12;168;30.44498098;19.61313086
705;0;Point;Tombb;198;Continuous;0;25; ;0;725;595;11;850;-168;2015-2016;12;168;30.44498062;19.61316594
706;0;Point;Tombb;198;Continuous;0;25; ;0;726;596;11;851;-165;2015-2016;12;165;30.44500684;19.61317498
707;0;Point;Tombb;198;Continuous;0;25; ;0;727;597;11;854;-168;2015-2016;12;168;30.44498026;19.61320102
708;0;Point;Tombb;198;Continuous;0;25; ;0;728;598;11;849;-162;2015-2016;12;162;30.44503332;19.61315771
709;0;Point;Tombb;198;Continuous;0;25; ;0;729;599;11;848;-164;2015-2016;12;164;30.44501587;19.61314876
710;0;Point;Tombb;198;Continuous;0;25; ;0;730;600;11;843;-162;2015-2016;12;162;30.44503386;19.61310509
711;0;Point;Tombb;198;Continuous;0;25; ;0;731;601;11;842;-164;2015-2016;12;164;30.44501641;19.61309614
712;0;Point;Tombb;198;Continuous;0;25; ;0;732;602;11;845;-160;2015-2016;12;160;30.44505122;19.61312281
713;0;Point;Tombb;198;Continuous;0;25; ;0;733;603;11;843;-158;2015-2016;12;158;30.44506894;19.61310545
714;0;Point;Tombb;198;Continuous;0;25; ;0;734;604;11;846;-157;2015-2016;12;157;30.44507744;19.61313185
715;0;Point;Tombb;198;Continuous;0;25; ;0;735;605;11;848;-159;2015-2016;12;159;30.44505972;19.61314921
716;0;Point;Tombb;198;Continuous;0;25; ;0;736;606;11;850;-159;2015-2016;12;159;30.44505954;19.61316675
717;0;Point;Tombb;198;Continuous;0;25; ;0;737;607;11;852;-160;2015-2016;12;160;30.44505059;19.6131842
718;0;Point;Tombb;198;Continuous;0;25; ;0;738;608;11;845;-185;2015-2016;12;185;30.44483198;19.61312056
719;0;Point;Tombb;198;Continuous;0;25; ;0;739;609;11;842;-184;2015-2016;12;184;30.44484102;19.61309434
720;0;Point;Tombb;198;Continuous;0;25; ;0;740;610;11;850;-155;2015-2016;12;155;30.44509462;19.61316711
721;0;Point;Tombb;198;Continuous;0;25; ;0;741;611;11;847;-156;2015-2016;12;156;30.44508612;19.61314071
722;0;Point;Tombb;198;Continuous;0;25; ;0;742;612;11;840;-181;2015-2016;12;181;30.44486751;19.61307707
723;0;Point;Tombb;198;Continuous;0;25; ;0;743;613;11;841;-176;2015-2016;12;176;30.44491127;19.61308629
724;0;Point;Tombb;198;Continuous;0;25; ;0;744;614;11;841;-177;2015-2016;12;177;30.4449025;19.6130862
725;0;Point;Tombb;198;Continuous;0;25; ;0;745;615;11;841;-157;2015-2016;12;157;30.44507789;19.613088
726;0;Point;Tombb;198;Continuous;0;25; ;0;746;587;11;848;-175;2015-2016;12;175;30.44491941;19.61314777
727;0;Point;Tombb;198;Continuous;0;25; ;0;747;588;11;847;-171;2015-2016;12;171;30.44495458;19.61313936
728;0;Point;Tombb;198;Continuous;0;25; ;0;748;543;26;1023;-242;2013-2014;10;242;30.44431609;19.61467642
729;0;Point;Tombb;198;Continuous;0;25; ;0;749;0;11;841;-168;2015-2016;0;168;30.44498143;19.61308701
730;0;Point;Tombb;198;Continuous;0;25; ;0;750;0;11;839;-179;2015-2016;0;179;30.44488514;19.61306848
731;0;Point;Tombb;198;Continuous;0;25; ;0;751;0;11;857;-176;2015-2016;0;176;30.44490983;19.61322661
